{
  "testId" : "1-mobilepocetna.gspec",
  "name" : "mobilePocetna.gspec",
  "report" : {
    "nodes" : [ {
      "name" : "Simple check",
      "status" : "info",
      "nodes" : [ {
        "name" : "check  mobilePocetna.gspec --url http://localhost/html-css/pocetna.html --size 500x768 --htmlreport izvjestajiMobilePocetna",
        "status" : "info",
        "nodes" : [ {
          "name" : "Check layout: mobilePocetna.gspec included tags: ",
          "status" : "info",
          "time" : 1573657850982,
          "sections" : [ {
            "name" : "Meni",
            "place" : {
              "filePath" : "mobilePocetna.gspec",
              "lineNumber" : 12
            },
            "objects" : [ {
              "name" : "meni",
              "specs" : [ {
                "status" : "info",
                "place" : {
                  "filePath" : "mobilePocetna.gspec",
                  "lineNumber" : 14
                },
                "name" : "contains linkovi",
                "highlight" : [ "meni", "linkovi" ]
              }, {
                "status" : "info",
                "place" : {
                  "filePath" : "mobilePocetna.gspec",
                  "lineNumber" : 15
                },
                "name" : "height > 20px",
                "meta" : [ {
                  "from" : {
                    "object" : "meni",
                    "edge" : "top"
                  },
                  "to" : {
                    "object" : "meni",
                    "edge" : "bottom"
                  },
                  "expectedDistance" : "> 20px",
                  "realDistance" : "144px"
                } ],
                "highlight" : [ "meni" ]
              } ]
            }, {
              "name" : "logo",
              "specs" : [ {
                "status" : "info",
                "place" : {
                  "filePath" : "mobilePocetna.gspec",
                  "lineNumber" : 18
                },
                "name" : "above sadrzaj",
                "meta" : [ {
                  "from" : {
                    "object" : "logo",
                    "edge" : "bottom"
                  },
                  "to" : {
                    "object" : "sadrzaj",
                    "edge" : "top"
                  },
                  "expectedDistance" : ">= 0px",
                  "realDistance" : "129px"
                } ],
                "highlight" : [ "logo", "sadrzaj" ]
              }, {
                "status" : "info",
                "place" : {
                  "filePath" : "mobilePocetna.gspec",
                  "lineNumber" : 19
                },
                "name" : "centered horizontally inside sadrzaj 50px",
                "highlight" : [ "logo", "sadrzaj" ]
              }, {
                "status" : "info",
                "place" : {
                  "filePath" : "mobilePocetna.gspec",
                  "lineNumber" : 20
                },
                "name" : "height 20 to 100px",
                "meta" : [ {
                  "from" : {
                    "object" : "logo",
                    "edge" : "top"
                  },
                  "to" : {
                    "object" : "logo",
                    "edge" : "bottom"
                  },
                  "expectedDistance" : "20 to 100px",
                  "realDistance" : "50px"
                } ],
                "highlight" : [ "logo" ]
              }, {
                "status" : "info",
                "place" : {
                  "filePath" : "mobilePocetna.gspec",
                  "lineNumber" : 21
                },
                "name" : "width 20 to 100px",
                "meta" : [ {
                  "from" : {
                    "object" : "logo",
                    "edge" : "left"
                  },
                  "to" : {
                    "object" : "logo",
                    "edge" : "right"
                  },
                  "expectedDistance" : "20 to 100px",
                  "realDistance" : "50px"
                } ],
                "highlight" : [ "logo" ]
              } ]
            }, {
              "name" : "linkovi",
              "specs" : [ {
                "status" : "info",
                "place" : {
                  "filePath" : "mobilePocetna.gspec",
                  "lineNumber" : 24
                },
                "name" : "below logo",
                "meta" : [ {
                  "from" : {
                    "object" : "linkovi",
                    "edge" : "top"
                  },
                  "to" : {
                    "object" : "logo",
                    "edge" : "bottom"
                  },
                  "expectedDistance" : ">= 0px",
                  "realDistance" : "17px"
                } ],
                "highlight" : [ "linkovi", "logo" ]
              } ]
            }, {
              "name" : "listItem",
              "specs" : [ {
                "status" : "info",
                "place" : {
                  "filePath" : "mobilePocetna.gspec",
                  "lineNumber" : 27
                },
                "name" : "css display is \"block\"",
                "highlight" : [ "listItem" ]
              } ]
            } ]
          }, {
            "name" : "Sadrzaj",
            "place" : {
              "filePath" : "mobilePocetna.gspec",
              "lineNumber" : 29
            },
            "objects" : [ {
              "name" : "sadrzaj",
              "specs" : [ {
                "status" : "info",
                "place" : {
                  "filePath" : "mobilePocetna.gspec",
                  "lineNumber" : 32
                },
                "name" : "below meni",
                "meta" : [ {
                  "from" : {
                    "object" : "sadrzaj",
                    "edge" : "top"
                  },
                  "to" : {
                    "object" : "meni",
                    "edge" : "bottom"
                  },
                  "expectedDistance" : ">= 0px",
                  "realDistance" : "10px"
                } ],
                "highlight" : [ "sadrzaj", "meni" ]
              }, {
                "status" : "info",
                "place" : {
                  "filePath" : "mobilePocetna.gspec",
                  "lineNumber" : 33
                },
                "name" : "contains kolona",
                "highlight" : [ "sadrzaj", "kolona" ]
              } ]
            }, {
              "name" : "slikaSala",
              "specs" : [ {
                "status" : "info",
                "place" : {
                  "filePath" : "mobilePocetna.gspec",
                  "lineNumber" : 36
                },
                "name" : "width = 276px",
                "meta" : [ {
                  "from" : {
                    "object" : "slikaSala",
                    "edge" : "left"
                  },
                  "to" : {
                    "object" : "slikaSala",
                    "edge" : "right"
                  },
                  "expectedDistance" : "276px",
                  "realDistance" : "276px"
                } ],
                "highlight" : [ "slikaSala" ]
              }, {
                "status" : "info",
                "place" : {
                  "filePath" : "mobilePocetna.gspec",
                  "lineNumber" : 37
                },
                "name" : "height = 160px",
                "meta" : [ {
                  "from" : {
                    "object" : "slikaSala",
                    "edge" : "top"
                  },
                  "to" : {
                    "object" : "slikaSala",
                    "edge" : "bottom"
                  },
                  "expectedDistance" : "160px",
                  "realDistance" : "160px"
                } ],
                "highlight" : [ "slikaSala" ]
              } ]
            } ]
          } ],
          "objects" : {
            "meni" : {
              "area" : [ 58, 50, 355, 144 ]
            },
            "listItem" : {
              "area" : [ 124, 92, 223, 18 ]
            },
            "linkovi" : {
              "area" : [ 84, 92, 303, 90 ]
            },
            "slikaSala" : {
              "area" : [ 96, 225, 276, 160 ]
            },
            "logo" : {
              "area" : [ 235, 25, 50, 50 ]
            },
            "sadrzaj" : {
              "area" : [ 58, 204, 355, 1802 ]
            },
            "kolona" : {
              "area" : [ 59, 205, 261, 540 ]
            }
          },
          "screenshot" : "layout-1-screenshot.png",
          "type" : "layout"
        } ],
        "time" : 1573657848810,
        "type" : "node"
      } ],
      "time" : 1573657842567,
      "type" : "node"
    } ]
  }
}