{
  "testId" : "1-mobilepocetna.gspec",
  "name" : "mobilePocetna.gspec",
  "report" : {
    "nodes" : [ {
      "name" : "Simple check",
      "status" : "info",
      "nodes" : [ {
        "name" : "check  mobilePocetna.gspec --url http://localhost/pocetna.html --size 320x600 --htmlreport izvjestajMobilePocetna",
        "status" : "info",
        "nodes" : [ {
          "name" : "Check layout: mobilePocetna.gspec included tags: ",
          "status" : "info",
          "time" : 1573516061505,
          "sections" : [ {
            "name" : "Meni section",
            "place" : {
              "filePath" : "mobilePocetna.gspec",
              "lineNumber" : 20
            },
            "objects" : [ {
              "name" : "meni",
              "specs" : [ {
                "status" : "info",
                "place" : {
                  "filePath" : "mobilePocetna.gspec",
                  "lineNumber" : 22
                },
                "name" : "above sadrzaj 10px",
                "meta" : [ {
                  "from" : {
                    "object" : "meni",
                    "edge" : "bottom"
                  },
                  "to" : {
                    "object" : "sadrzaj",
                    "edge" : "top"
                  },
                  "expectedDistance" : "10px",
                  "realDistance" : "10px"
                } ],
                "highlight" : [ "meni", "sadrzaj" ]
              }, {
                "status" : "info",
                "place" : {
                  "filePath" : "mobilePocetna.gspec",
                  "lineNumber" : 23
                },
                "name" : "contains partly logo",
                "highlight" : [ "meni", "logo" ]
              }, {
                "status" : "info",
                "place" : {
                  "filePath" : "mobilePocetna.gspec",
                  "lineNumber" : 24
                },
                "name" : "contains lista_linkova",
                "highlight" : [ "meni", "lista_linkova" ]
              } ]
            }, {
              "name" : "logo",
              "specs" : [ {
                "status" : "info",
                "place" : {
                  "filePath" : "mobilePocetna.gspec",
                  "lineNumber" : 28
                },
                "name" : "centered horizontally inside meni",
                "highlight" : [ "logo", "meni" ]
              }, {
                "status" : "info",
                "place" : {
                  "filePath" : "mobilePocetna.gspec",
                  "lineNumber" : 29
                },
                "name" : "on top edge meni ~40px top",
                "highlight" : [ "logo", "meni" ]
              }, {
                "status" : "info",
                "place" : {
                  "filePath" : "mobilePocetna.gspec",
                  "lineNumber" : 30
                },
                "name" : "height 80px",
                "meta" : [ {
                  "from" : {
                    "object" : "logo",
                    "edge" : "top"
                  },
                  "to" : {
                    "object" : "logo",
                    "edge" : "bottom"
                  },
                  "expectedDistance" : "80px",
                  "realDistance" : "80px"
                } ],
                "highlight" : [ "logo" ]
              }, {
                "status" : "info",
                "place" : {
                  "filePath" : "mobilePocetna.gspec",
                  "lineNumber" : 31
                },
                "name" : "contains slika",
                "highlight" : [ "logo", "slika" ]
              } ]
            }, {
              "name" : "slika",
              "specs" : [ {
                "status" : "info",
                "place" : {
                  "filePath" : "mobilePocetna.gspec",
                  "lineNumber" : 34
                },
                "name" : "inside logo",
                "meta" : [ ],
                "highlight" : [ "slika", "logo" ]
              }, {
                "status" : "info",
                "place" : {
                  "filePath" : "mobilePocetna.gspec",
                  "lineNumber" : 35
                },
                "name" : "height 100 % of logo/height",
                "meta" : [ {
                  "from" : {
                    "object" : "slika",
                    "edge" : "top"
                  },
                  "to" : {
                    "object" : "slika",
                    "edge" : "bottom"
                  },
                  "expectedDistance" : "100% [80px]",
                  "realDistance" : "100% [80px]"
                } ],
                "highlight" : [ "slika" ]
              }, {
                "status" : "info",
                "place" : {
                  "filePath" : "mobilePocetna.gspec",
                  "lineNumber" : 36
                },
                "name" : "width 100 % of logo/width",
                "meta" : [ {
                  "from" : {
                    "object" : "slika",
                    "edge" : "left"
                  },
                  "to" : {
                    "object" : "slika",
                    "edge" : "right"
                  },
                  "expectedDistance" : "100% [79px]",
                  "realDistance" : "100% [79px]"
                } ],
                "highlight" : [ "slika" ]
              } ]
            }, {
              "name" : "lista_linkova",
              "specs" : [ {
                "status" : "info",
                "place" : {
                  "filePath" : "mobilePocetna.gspec",
                  "lineNumber" : 39
                },
                "name" : "inside meni 1px bottom left right, ~45px top",
                "meta" : [ {
                  "from" : {
                    "object" : "lista_linkova",
                    "edge" : "bottom"
                  },
                  "to" : {
                    "object" : "meni",
                    "edge" : "bottom"
                  },
                  "expectedDistance" : "1px",
                  "realDistance" : "1px"
                }, {
                  "from" : {
                    "object" : "lista_linkova",
                    "edge" : "left"
                  },
                  "to" : {
                    "object" : "meni",
                    "edge" : "left"
                  },
                  "expectedDistance" : "1px",
                  "realDistance" : "1px"
                }, {
                  "from" : {
                    "object" : "lista_linkova",
                    "edge" : "right"
                  },
                  "to" : {
                    "object" : "meni",
                    "edge" : "right"
                  },
                  "expectedDistance" : "1px",
                  "realDistance" : "1px"
                }, {
                  "from" : {
                    "object" : "lista_linkova",
                    "edge" : "top"
                  },
                  "to" : {
                    "object" : "meni",
                    "edge" : "top"
                  },
                  "expectedDistance" : "43 to 47px",
                  "realDistance" : "46px"
                } ],
                "highlight" : [ "lista_linkova", "meni" ]
              }, {
                "status" : "info",
                "place" : {
                  "filePath" : "mobilePocetna.gspec",
                  "lineNumber" : 40
                },
                "name" : "below logo",
                "meta" : [ {
                  "from" : {
                    "object" : "lista_linkova",
                    "edge" : "top"
                  },
                  "to" : {
                    "object" : "logo",
                    "edge" : "bottom"
                  },
                  "expectedDistance" : ">= 0px",
                  "realDistance" : "5px"
                } ],
                "highlight" : [ "lista_linkova", "logo" ]
              }, {
                "status" : "info",
                "place" : {
                  "filePath" : "mobilePocetna.gspec",
                  "lineNumber" : 41
                },
                "name" : "width ~100% of meni/width",
                "meta" : [ {
                  "from" : {
                    "object" : "lista_linkova",
                    "edge" : "left"
                  },
                  "to" : {
                    "object" : "lista_linkova",
                    "edge" : "right"
                  },
                  "expectedDistance" : "98 to 102% [269 to 280px]",
                  "realDistance" : "99% [273px]"
                } ],
                "highlight" : [ "lista_linkova" ]
              } ]
            }, {
              "name" : "link-1",
              "specs" : [ {
                "status" : "info",
                "place" : {
                  "filePath" : "mobilePocetna.gspec",
                  "lineNumber" : 46
                },
                "name" : "above link-2 8px",
                "meta" : [ {
                  "from" : {
                    "object" : "link-1",
                    "edge" : "bottom"
                  },
                  "to" : {
                    "object" : "link-2",
                    "edge" : "top"
                  },
                  "expectedDistance" : "8px",
                  "realDistance" : "8px"
                } ],
                "highlight" : [ "link-1", "link-2" ]
              }, {
                "status" : "info",
                "place" : {
                  "filePath" : "mobilePocetna.gspec",
                  "lineNumber" : 47
                },
                "name" : "aligned vertically left link-2",
                "highlight" : [ "link-1", "link-2" ]
              }, {
                "status" : "info",
                "place" : {
                  "filePath" : "mobilePocetna.gspec",
                  "lineNumber" : 48
                },
                "name" : "aligned vertically left lista_linkova 20px",
                "highlight" : [ "link-1", "lista_linkova" ]
              }, {
                "status" : "info",
                "place" : {
                  "filePath" : "mobilePocetna.gspec",
                  "lineNumber" : 49
                },
                "name" : "height 17px",
                "meta" : [ {
                  "from" : {
                    "object" : "link-1",
                    "edge" : "top"
                  },
                  "to" : {
                    "object" : "link-1",
                    "edge" : "bottom"
                  },
                  "expectedDistance" : "17px",
                  "realDistance" : "17px"
                } ],
                "highlight" : [ "link-1" ]
              }, {
                "status" : "info",
                "place" : {
                  "filePath" : "mobilePocetna.gspec",
                  "lineNumber" : 52
                },
                "name" : "width 55px",
                "meta" : [ {
                  "from" : {
                    "object" : "link-1",
                    "edge" : "left"
                  },
                  "to" : {
                    "object" : "link-1",
                    "edge" : "right"
                  },
                  "expectedDistance" : "55px",
                  "realDistance" : "55px"
                } ],
                "highlight" : [ "link-1" ]
              } ]
            }, {
              "name" : "link-2",
              "specs" : [ {
                "status" : "info",
                "place" : {
                  "filePath" : "mobilePocetna.gspec",
                  "lineNumber" : 46
                },
                "name" : "above link-3 8px",
                "meta" : [ {
                  "from" : {
                    "object" : "link-2",
                    "edge" : "bottom"
                  },
                  "to" : {
                    "object" : "link-3",
                    "edge" : "top"
                  },
                  "expectedDistance" : "8px",
                  "realDistance" : "8px"
                } ],
                "highlight" : [ "link-2", "link-3" ]
              }, {
                "status" : "info",
                "place" : {
                  "filePath" : "mobilePocetna.gspec",
                  "lineNumber" : 47
                },
                "name" : "aligned vertically left link-3",
                "highlight" : [ "link-2", "link-3" ]
              }, {
                "status" : "info",
                "place" : {
                  "filePath" : "mobilePocetna.gspec",
                  "lineNumber" : 48
                },
                "name" : "aligned vertically left lista_linkova 20px",
                "highlight" : [ "link-2", "lista_linkova" ]
              }, {
                "status" : "info",
                "place" : {
                  "filePath" : "mobilePocetna.gspec",
                  "lineNumber" : 49
                },
                "name" : "height 17px",
                "meta" : [ {
                  "from" : {
                    "object" : "link-2",
                    "edge" : "top"
                  },
                  "to" : {
                    "object" : "link-2",
                    "edge" : "bottom"
                  },
                  "expectedDistance" : "17px",
                  "realDistance" : "17px"
                } ],
                "highlight" : [ "link-2" ]
              }, {
                "status" : "info",
                "place" : {
                  "filePath" : "mobilePocetna.gspec",
                  "lineNumber" : 55
                },
                "name" : "width 29px",
                "meta" : [ {
                  "from" : {
                    "object" : "link-2",
                    "edge" : "left"
                  },
                  "to" : {
                    "object" : "link-2",
                    "edge" : "right"
                  },
                  "expectedDistance" : "29px",
                  "realDistance" : "29px"
                } ],
                "highlight" : [ "link-2" ]
              } ]
            }, {
              "name" : "link-3",
              "specs" : [ {
                "status" : "info",
                "place" : {
                  "filePath" : "mobilePocetna.gspec",
                  "lineNumber" : 46
                },
                "name" : "above link-4 8px",
                "meta" : [ {
                  "from" : {
                    "object" : "link-3",
                    "edge" : "bottom"
                  },
                  "to" : {
                    "object" : "link-4",
                    "edge" : "top"
                  },
                  "expectedDistance" : "8px",
                  "realDistance" : "8px"
                } ],
                "highlight" : [ "link-3", "link-4" ]
              }, {
                "status" : "info",
                "place" : {
                  "filePath" : "mobilePocetna.gspec",
                  "lineNumber" : 47
                },
                "name" : "aligned vertically left link-4",
                "highlight" : [ "link-3", "link-4" ]
              }, {
                "status" : "info",
                "place" : {
                  "filePath" : "mobilePocetna.gspec",
                  "lineNumber" : 48
                },
                "name" : "aligned vertically left lista_linkova 20px",
                "highlight" : [ "link-3", "lista_linkova" ]
              }, {
                "status" : "info",
                "place" : {
                  "filePath" : "mobilePocetna.gspec",
                  "lineNumber" : 49
                },
                "name" : "height 17px",
                "meta" : [ {
                  "from" : {
                    "object" : "link-3",
                    "edge" : "top"
                  },
                  "to" : {
                    "object" : "link-3",
                    "edge" : "bottom"
                  },
                  "expectedDistance" : "17px",
                  "realDistance" : "17px"
                } ],
                "highlight" : [ "link-3" ]
              }, {
                "status" : "info",
                "place" : {
                  "filePath" : "mobilePocetna.gspec",
                  "lineNumber" : 58
                },
                "name" : "width 36px",
                "meta" : [ {
                  "from" : {
                    "object" : "link-3",
                    "edge" : "left"
                  },
                  "to" : {
                    "object" : "link-3",
                    "edge" : "right"
                  },
                  "expectedDistance" : "36px",
                  "realDistance" : "36px"
                } ],
                "highlight" : [ "link-3" ]
              } ]
            }, {
              "name" : "link-4",
              "specs" : [ {
                "status" : "info",
                "place" : {
                  "filePath" : "mobilePocetna.gspec",
                  "lineNumber" : 46
                },
                "name" : "above link-5 8px",
                "meta" : [ {
                  "from" : {
                    "object" : "link-4",
                    "edge" : "bottom"
                  },
                  "to" : {
                    "object" : "link-5",
                    "edge" : "top"
                  },
                  "expectedDistance" : "8px",
                  "realDistance" : "8px"
                } ],
                "highlight" : [ "link-4", "link-5" ]
              }, {
                "status" : "info",
                "place" : {
                  "filePath" : "mobilePocetna.gspec",
                  "lineNumber" : 47
                },
                "name" : "aligned vertically left link-5",
                "highlight" : [ "link-4", "link-5" ]
              }, {
                "status" : "info",
                "place" : {
                  "filePath" : "mobilePocetna.gspec",
                  "lineNumber" : 48
                },
                "name" : "aligned vertically left lista_linkova 20px",
                "highlight" : [ "link-4", "lista_linkova" ]
              }, {
                "status" : "info",
                "place" : {
                  "filePath" : "mobilePocetna.gspec",
                  "lineNumber" : 49
                },
                "name" : "height 17px",
                "meta" : [ {
                  "from" : {
                    "object" : "link-4",
                    "edge" : "top"
                  },
                  "to" : {
                    "object" : "link-4",
                    "edge" : "bottom"
                  },
                  "expectedDistance" : "17px",
                  "realDistance" : "17px"
                } ],
                "highlight" : [ "link-4" ]
              }, {
                "status" : "info",
                "place" : {
                  "filePath" : "mobilePocetna.gspec",
                  "lineNumber" : 61
                },
                "name" : "width 79px",
                "meta" : [ {
                  "from" : {
                    "object" : "link-4",
                    "edge" : "left"
                  },
                  "to" : {
                    "object" : "link-4",
                    "edge" : "right"
                  },
                  "expectedDistance" : "79px",
                  "realDistance" : "79px"
                } ],
                "highlight" : [ "link-4" ]
              } ]
            }, {
              "name" : "link-5",
              "specs" : [ {
                "status" : "info",
                "place" : {
                  "filePath" : "mobilePocetna.gspec",
                  "lineNumber" : 64
                },
                "name" : "width ~45px",
                "meta" : [ {
                  "from" : {
                    "object" : "link-5",
                    "edge" : "left"
                  },
                  "to" : {
                    "object" : "link-5",
                    "edge" : "right"
                  },
                  "expectedDistance" : "43 to 47px",
                  "realDistance" : "45px"
                } ],
                "highlight" : [ "link-5" ]
              }, {
                "status" : "info",
                "place" : {
                  "filePath" : "mobilePocetna.gspec",
                  "lineNumber" : 65
                },
                "name" : "height 17px",
                "meta" : [ {
                  "from" : {
                    "object" : "link-5",
                    "edge" : "top"
                  },
                  "to" : {
                    "object" : "link-5",
                    "edge" : "bottom"
                  },
                  "expectedDistance" : "17px",
                  "realDistance" : "17px"
                } ],
                "highlight" : [ "link-5" ]
              } ]
            } ]
          }, {
            "name" : "Main section",
            "place" : {
              "filePath" : "mobilePocetna.gspec",
              "lineNumber" : 67
            },
            "objects" : [ {
              "name" : "sadrzaj",
              "specs" : [ {
                "status" : "info",
                "place" : {
                  "filePath" : "mobilePocetna.gspec",
                  "lineNumber" : 69
                },
                "name" : "below meni",
                "meta" : [ {
                  "from" : {
                    "object" : "sadrzaj",
                    "edge" : "top"
                  },
                  "to" : {
                    "object" : "meni",
                    "edge" : "bottom"
                  },
                  "expectedDistance" : ">= 0px",
                  "realDistance" : "10px"
                } ],
                "highlight" : [ "sadrzaj", "meni" ]
              }, {
                "status" : "info",
                "place" : {
                  "filePath" : "mobilePocetna.gspec",
                  "lineNumber" : 70
                },
                "name" : "width 275px",
                "meta" : [ {
                  "from" : {
                    "object" : "sadrzaj",
                    "edge" : "left"
                  },
                  "to" : {
                    "object" : "sadrzaj",
                    "edge" : "right"
                  },
                  "expectedDistance" : "275px",
                  "realDistance" : "275px"
                } ],
                "highlight" : [ "sadrzaj" ]
              }, {
                "status" : "info",
                "place" : {
                  "filePath" : "mobilePocetna.gspec",
                  "lineNumber" : 71
                },
                "name" : "contains slika1, slika2, slika3, slika4, slika5, slika6, slika7, slika8, slika9, slika10",
                "highlight" : [ "sadrzaj", "slika1", "slika2", "slika3", "slika4", "slika5", "slika6", "slika7", "slika8", "slika9", "slika10" ]
              } ]
            }, {
              "name" : "slika1",
              "specs" : [ {
                "status" : "info",
                "place" : {
                  "filePath" : "mobilePocetna.gspec",
                  "lineNumber" : 76
                },
                "name" : "width 273px",
                "meta" : [ {
                  "from" : {
                    "object" : "slika1",
                    "edge" : "left"
                  },
                  "to" : {
                    "object" : "slika1",
                    "edge" : "right"
                  },
                  "expectedDistance" : "273px",
                  "realDistance" : "273px"
                } ],
                "highlight" : [ "slika1" ]
              }, {
                "status" : "info",
                "place" : {
                  "filePath" : "mobilePocetna.gspec",
                  "lineNumber" : 77
                },
                "name" : "aligned vertically left sadrzaj 1px",
                "highlight" : [ "slika1", "sadrzaj" ]
              }, {
                "status" : "info",
                "place" : {
                  "filePath" : "mobilePocetna.gspec",
                  "lineNumber" : 78
                },
                "name" : "aligned vertically right sadrzaj 126px",
                "highlight" : [ "slika1", "sadrzaj" ]
              }, {
                "status" : "info",
                "place" : {
                  "filePath" : "mobilePocetna.gspec",
                  "lineNumber" : 86
                },
                "name" : "aligned horizontally bottom slika2 263px",
                "highlight" : [ "slika1", "slika2" ]
              }, {
                "status" : "info",
                "place" : {
                  "filePath" : "mobilePocetna.gspec",
                  "lineNumber" : 89
                },
                "name" : "aligned horizontally top sadrzaj 1px",
                "highlight" : [ "slika1", "sadrzaj" ]
              }, {
                "status" : "info",
                "place" : {
                  "filePath" : "mobilePocetna.gspec",
                  "lineNumber" : 90
                },
                "name" : "height 130px",
                "meta" : [ {
                  "from" : {
                    "object" : "slika1",
                    "edge" : "top"
                  },
                  "to" : {
                    "object" : "slika1",
                    "edge" : "bottom"
                  },
                  "expectedDistance" : "130px",
                  "realDistance" : "130px"
                } ],
                "highlight" : [ "slika1" ]
              }, {
                "status" : "info",
                "place" : {
                  "filePath" : "mobilePocetna.gspec",
                  "lineNumber" : 91
                },
                "name" : "aligned horizontally bottom sadrzaj 1933px",
                "highlight" : [ "slika1", "sadrzaj" ]
              }, {
                "status" : "info",
                "place" : {
                  "filePath" : "mobilePocetna.gspec",
                  "lineNumber" : 92
                },
                "name" : "above slika2 11px",
                "meta" : [ {
                  "from" : {
                    "object" : "slika1",
                    "edge" : "bottom"
                  },
                  "to" : {
                    "object" : "slika2",
                    "edge" : "top"
                  },
                  "expectedDistance" : "11px",
                  "realDistance" : "11px"
                } ],
                "highlight" : [ "slika1", "slika2" ]
              }, {
                "status" : "info",
                "place" : {
                  "filePath" : "mobilePocetna.gspec",
                  "lineNumber" : 93
                },
                "name" : "aligned vertically left slika2",
                "highlight" : [ "slika1", "slika2" ]
              } ]
            }, {
              "name" : "slika2",
              "specs" : [ {
                "status" : "info",
                "place" : {
                  "filePath" : "mobilePocetna.gspec",
                  "lineNumber" : 76
                },
                "name" : "width 273px",
                "meta" : [ {
                  "from" : {
                    "object" : "slika2",
                    "edge" : "left"
                  },
                  "to" : {
                    "object" : "slika2",
                    "edge" : "right"
                  },
                  "expectedDistance" : "273px",
                  "realDistance" : "273px"
                } ],
                "highlight" : [ "slika2" ]
              }, {
                "status" : "info",
                "place" : {
                  "filePath" : "mobilePocetna.gspec",
                  "lineNumber" : 77
                },
                "name" : "aligned vertically left sadrzaj 1px",
                "highlight" : [ "slika2", "sadrzaj" ]
              }, {
                "status" : "info",
                "place" : {
                  "filePath" : "mobilePocetna.gspec",
                  "lineNumber" : 78
                },
                "name" : "aligned vertically right sadrzaj 126px",
                "highlight" : [ "slika2", "sadrzaj" ]
              }, {
                "status" : "info",
                "place" : {
                  "filePath" : "mobilePocetna.gspec",
                  "lineNumber" : 82
                },
                "name" : "aligned horizontally top slika1 263px",
                "highlight" : [ "slika2", "slika1" ]
              }, {
                "status" : "info",
                "place" : {
                  "filePath" : "mobilePocetna.gspec",
                  "lineNumber" : 86
                },
                "name" : "aligned horizontally bottom slika3 263px",
                "highlight" : [ "slika2", "slika3" ]
              }, {
                "status" : "info",
                "place" : {
                  "filePath" : "mobilePocetna.gspec",
                  "lineNumber" : 96
                },
                "name" : "aligned horizontally top sadrzaj 201px",
                "highlight" : [ "slika2", "sadrzaj" ]
              }, {
                "status" : "info",
                "place" : {
                  "filePath" : "mobilePocetna.gspec",
                  "lineNumber" : 97
                },
                "name" : "height 149px",
                "meta" : [ {
                  "from" : {
                    "object" : "slika2",
                    "edge" : "top"
                  },
                  "to" : {
                    "object" : "slika2",
                    "edge" : "bottom"
                  },
                  "expectedDistance" : "149px",
                  "realDistance" : "149px"
                } ],
                "highlight" : [ "slika2" ]
              }, {
                "status" : "info",
                "place" : {
                  "filePath" : "mobilePocetna.gspec",
                  "lineNumber" : 98
                },
                "name" : "aligned horizontally bottom sadrzaj 1706px",
                "highlight" : [ "slika2", "sadrzaj" ]
              }, {
                "status" : "info",
                "place" : {
                  "filePath" : "mobilePocetna.gspec",
                  "lineNumber" : 99
                },
                "name" : "above slika3 10px",
                "meta" : [ {
                  "from" : {
                    "object" : "slika2",
                    "edge" : "bottom"
                  },
                  "to" : {
                    "object" : "slika3",
                    "edge" : "top"
                  },
                  "expectedDistance" : "10px",
                  "realDistance" : "10px"
                } ],
                "highlight" : [ "slika2", "slika3" ]
              }, {
                "status" : "info",
                "place" : {
                  "filePath" : "mobilePocetna.gspec",
                  "lineNumber" : 100
                },
                "name" : "aligned vertically left slika3",
                "highlight" : [ "slika2", "slika3" ]
              } ]
            }, {
              "name" : "slika3",
              "specs" : [ {
                "status" : "info",
                "place" : {
                  "filePath" : "mobilePocetna.gspec",
                  "lineNumber" : 76
                },
                "name" : "width 273px",
                "meta" : [ {
                  "from" : {
                    "object" : "slika3",
                    "edge" : "left"
                  },
                  "to" : {
                    "object" : "slika3",
                    "edge" : "right"
                  },
                  "expectedDistance" : "273px",
                  "realDistance" : "273px"
                } ],
                "highlight" : [ "slika3" ]
              }, {
                "status" : "info",
                "place" : {
                  "filePath" : "mobilePocetna.gspec",
                  "lineNumber" : 77
                },
                "name" : "aligned vertically left sadrzaj 1px",
                "highlight" : [ "slika3", "sadrzaj" ]
              }, {
                "status" : "info",
                "place" : {
                  "filePath" : "mobilePocetna.gspec",
                  "lineNumber" : 78
                },
                "name" : "aligned vertically right sadrzaj 126px",
                "highlight" : [ "slika3", "sadrzaj" ]
              }, {
                "status" : "info",
                "place" : {
                  "filePath" : "mobilePocetna.gspec",
                  "lineNumber" : 82
                },
                "name" : "aligned horizontally top slika2 263px",
                "highlight" : [ "slika3", "slika2" ]
              }, {
                "status" : "info",
                "place" : {
                  "filePath" : "mobilePocetna.gspec",
                  "lineNumber" : 86
                },
                "name" : "aligned horizontally bottom slika4 263px",
                "highlight" : [ "slika3", "slika4" ]
              }, {
                "status" : "info",
                "place" : {
                  "filePath" : "mobilePocetna.gspec",
                  "lineNumber" : 103
                },
                "name" : "aligned horizontally top sadrzaj 427px",
                "highlight" : [ "slika3", "sadrzaj" ]
              }, {
                "status" : "info",
                "place" : {
                  "filePath" : "mobilePocetna.gspec",
                  "lineNumber" : 104
                },
                "name" : "height 149px",
                "meta" : [ {
                  "from" : {
                    "object" : "slika3",
                    "edge" : "top"
                  },
                  "to" : {
                    "object" : "slika3",
                    "edge" : "bottom"
                  },
                  "expectedDistance" : "149px",
                  "realDistance" : "149px"
                } ],
                "highlight" : [ "slika3" ]
              }, {
                "status" : "info",
                "place" : {
                  "filePath" : "mobilePocetna.gspec",
                  "lineNumber" : 105
                },
                "name" : "aligned horizontally bottom sadrzaj 1480px",
                "highlight" : [ "slika3", "sadrzaj" ]
              }, {
                "status" : "info",
                "place" : {
                  "filePath" : "mobilePocetna.gspec",
                  "lineNumber" : 106
                },
                "name" : "above slika4 10px",
                "meta" : [ {
                  "from" : {
                    "object" : "slika3",
                    "edge" : "bottom"
                  },
                  "to" : {
                    "object" : "slika4",
                    "edge" : "top"
                  },
                  "expectedDistance" : "10px",
                  "realDistance" : "10px"
                } ],
                "highlight" : [ "slika3", "slika4" ]
              }, {
                "status" : "info",
                "place" : {
                  "filePath" : "mobilePocetna.gspec",
                  "lineNumber" : 107
                },
                "name" : "aligned vertically left slika4",
                "highlight" : [ "slika3", "slika4" ]
              } ]
            }, {
              "name" : "slika4",
              "specs" : [ {
                "status" : "info",
                "place" : {
                  "filePath" : "mobilePocetna.gspec",
                  "lineNumber" : 76
                },
                "name" : "width 273px",
                "meta" : [ {
                  "from" : {
                    "object" : "slika4",
                    "edge" : "left"
                  },
                  "to" : {
                    "object" : "slika4",
                    "edge" : "right"
                  },
                  "expectedDistance" : "273px",
                  "realDistance" : "273px"
                } ],
                "highlight" : [ "slika4" ]
              }, {
                "status" : "info",
                "place" : {
                  "filePath" : "mobilePocetna.gspec",
                  "lineNumber" : 77
                },
                "name" : "aligned vertically left sadrzaj 1px",
                "highlight" : [ "slika4", "sadrzaj" ]
              }, {
                "status" : "info",
                "place" : {
                  "filePath" : "mobilePocetna.gspec",
                  "lineNumber" : 78
                },
                "name" : "aligned vertically right sadrzaj 126px",
                "highlight" : [ "slika4", "sadrzaj" ]
              }, {
                "status" : "info",
                "place" : {
                  "filePath" : "mobilePocetna.gspec",
                  "lineNumber" : 82
                },
                "name" : "aligned horizontally top slika3 263px",
                "highlight" : [ "slika4", "slika3" ]
              }, {
                "status" : "info",
                "place" : {
                  "filePath" : "mobilePocetna.gspec",
                  "lineNumber" : 86
                },
                "name" : "aligned horizontally bottom slika5 263px",
                "highlight" : [ "slika4", "slika5" ]
              }, {
                "status" : "info",
                "place" : {
                  "filePath" : "mobilePocetna.gspec",
                  "lineNumber" : 110
                },
                "name" : "aligned horizontally top sadrzaj 654px",
                "highlight" : [ "slika4", "sadrzaj" ]
              }, {
                "status" : "info",
                "place" : {
                  "filePath" : "mobilePocetna.gspec",
                  "lineNumber" : 111
                },
                "name" : "height 101px",
                "meta" : [ {
                  "from" : {
                    "object" : "slika4",
                    "edge" : "top"
                  },
                  "to" : {
                    "object" : "slika4",
                    "edge" : "bottom"
                  },
                  "expectedDistance" : "101px",
                  "realDistance" : "101px"
                } ],
                "highlight" : [ "slika4" ]
              }, {
                "status" : "info",
                "place" : {
                  "filePath" : "mobilePocetna.gspec",
                  "lineNumber" : 112
                },
                "name" : "aligned horizontally bottom sadrzaj 1322px",
                "highlight" : [ "slika4", "sadrzaj" ]
              }, {
                "status" : "info",
                "place" : {
                  "filePath" : "mobilePocetna.gspec",
                  "lineNumber" : 113
                },
                "name" : "above slika5 10px",
                "meta" : [ {
                  "from" : {
                    "object" : "slika4",
                    "edge" : "bottom"
                  },
                  "to" : {
                    "object" : "slika5",
                    "edge" : "top"
                  },
                  "expectedDistance" : "10px",
                  "realDistance" : "10px"
                } ],
                "highlight" : [ "slika4", "slika5" ]
              }, {
                "status" : "info",
                "place" : {
                  "filePath" : "mobilePocetna.gspec",
                  "lineNumber" : 114
                },
                "name" : "aligned vertically left slika5",
                "highlight" : [ "slika4", "slika5" ]
              } ]
            }, {
              "name" : "slika5",
              "specs" : [ {
                "status" : "info",
                "place" : {
                  "filePath" : "mobilePocetna.gspec",
                  "lineNumber" : 76
                },
                "name" : "width 273px",
                "meta" : [ {
                  "from" : {
                    "object" : "slika5",
                    "edge" : "left"
                  },
                  "to" : {
                    "object" : "slika5",
                    "edge" : "right"
                  },
                  "expectedDistance" : "273px",
                  "realDistance" : "273px"
                } ],
                "highlight" : [ "slika5" ]
              }, {
                "status" : "info",
                "place" : {
                  "filePath" : "mobilePocetna.gspec",
                  "lineNumber" : 77
                },
                "name" : "aligned vertically left sadrzaj 1px",
                "highlight" : [ "slika5", "sadrzaj" ]
              }, {
                "status" : "info",
                "place" : {
                  "filePath" : "mobilePocetna.gspec",
                  "lineNumber" : 78
                },
                "name" : "aligned vertically right sadrzaj 126px",
                "highlight" : [ "slika5", "sadrzaj" ]
              }, {
                "status" : "info",
                "place" : {
                  "filePath" : "mobilePocetna.gspec",
                  "lineNumber" : 82
                },
                "name" : "aligned horizontally top slika4 263px",
                "highlight" : [ "slika5", "slika4" ]
              }, {
                "status" : "info",
                "place" : {
                  "filePath" : "mobilePocetna.gspec",
                  "lineNumber" : 86
                },
                "name" : "aligned horizontally bottom slika6 263px",
                "highlight" : [ "slika5", "slika6" ]
              }, {
                "status" : "info",
                "place" : {
                  "filePath" : "mobilePocetna.gspec",
                  "lineNumber" : 117
                },
                "name" : "aligned horizontally top sadrzaj 811px",
                "highlight" : [ "slika5", "sadrzaj" ]
              }, {
                "status" : "info",
                "place" : {
                  "filePath" : "mobilePocetna.gspec",
                  "lineNumber" : 118
                },
                "name" : "height 87px",
                "meta" : [ {
                  "from" : {
                    "object" : "slika5",
                    "edge" : "top"
                  },
                  "to" : {
                    "object" : "slika5",
                    "edge" : "bottom"
                  },
                  "expectedDistance" : "87px",
                  "realDistance" : "87px"
                } ],
                "highlight" : [ "slika5" ]
              }, {
                "status" : "info",
                "place" : {
                  "filePath" : "mobilePocetna.gspec",
                  "lineNumber" : 119
                },
                "name" : "aligned horizontally bottom sadrzaj 1186px",
                "highlight" : [ "slika5", "sadrzaj" ]
              }, {
                "status" : "info",
                "place" : {
                  "filePath" : "mobilePocetna.gspec",
                  "lineNumber" : 120
                },
                "name" : "above slika6 11px",
                "meta" : [ {
                  "from" : {
                    "object" : "slika5",
                    "edge" : "bottom"
                  },
                  "to" : {
                    "object" : "slika6",
                    "edge" : "top"
                  },
                  "expectedDistance" : "11px",
                  "realDistance" : "11px"
                } ],
                "highlight" : [ "slika5", "slika6" ]
              }, {
                "status" : "info",
                "place" : {
                  "filePath" : "mobilePocetna.gspec",
                  "lineNumber" : 121
                },
                "name" : "aligned vertically left slika6",
                "highlight" : [ "slika5", "slika6" ]
              } ]
            }, {
              "name" : "slika6",
              "specs" : [ {
                "status" : "info",
                "place" : {
                  "filePath" : "mobilePocetna.gspec",
                  "lineNumber" : 76
                },
                "name" : "width 273px",
                "meta" : [ {
                  "from" : {
                    "object" : "slika6",
                    "edge" : "left"
                  },
                  "to" : {
                    "object" : "slika6",
                    "edge" : "right"
                  },
                  "expectedDistance" : "273px",
                  "realDistance" : "273px"
                } ],
                "highlight" : [ "slika6" ]
              }, {
                "status" : "info",
                "place" : {
                  "filePath" : "mobilePocetna.gspec",
                  "lineNumber" : 77
                },
                "name" : "aligned vertically left sadrzaj 1px",
                "highlight" : [ "slika6", "sadrzaj" ]
              }, {
                "status" : "info",
                "place" : {
                  "filePath" : "mobilePocetna.gspec",
                  "lineNumber" : 78
                },
                "name" : "aligned vertically right sadrzaj 126px",
                "highlight" : [ "slika6", "sadrzaj" ]
              }, {
                "status" : "info",
                "place" : {
                  "filePath" : "mobilePocetna.gspec",
                  "lineNumber" : 82
                },
                "name" : "aligned horizontally top slika5 263px",
                "highlight" : [ "slika6", "slika5" ]
              }, {
                "status" : "info",
                "place" : {
                  "filePath" : "mobilePocetna.gspec",
                  "lineNumber" : 86
                },
                "name" : "aligned horizontally bottom slika7 263px",
                "highlight" : [ "slika6", "slika7" ]
              }, {
                "status" : "info",
                "place" : {
                  "filePath" : "mobilePocetna.gspec",
                  "lineNumber" : 124
                },
                "name" : "aligned horizontally top sadrzaj 948px",
                "highlight" : [ "slika6", "sadrzaj" ]
              }, {
                "status" : "info",
                "place" : {
                  "filePath" : "mobilePocetna.gspec",
                  "lineNumber" : 125
                },
                "name" : "height 167px",
                "meta" : [ {
                  "from" : {
                    "object" : "slika6",
                    "edge" : "top"
                  },
                  "to" : {
                    "object" : "slika6",
                    "edge" : "bottom"
                  },
                  "expectedDistance" : "167px",
                  "realDistance" : "167px"
                } ],
                "highlight" : [ "slika6" ]
              }, {
                "status" : "info",
                "place" : {
                  "filePath" : "mobilePocetna.gspec",
                  "lineNumber" : 126
                },
                "name" : "aligned horizontally bottom sadrzaj 932px",
                "highlight" : [ "slika6", "sadrzaj" ]
              }, {
                "status" : "info",
                "place" : {
                  "filePath" : "mobilePocetna.gspec",
                  "lineNumber" : 127
                },
                "name" : "above slika7 10px",
                "meta" : [ {
                  "from" : {
                    "object" : "slika6",
                    "edge" : "bottom"
                  },
                  "to" : {
                    "object" : "slika7",
                    "edge" : "top"
                  },
                  "expectedDistance" : "10px",
                  "realDistance" : "10px"
                } ],
                "highlight" : [ "slika6", "slika7" ]
              }, {
                "status" : "info",
                "place" : {
                  "filePath" : "mobilePocetna.gspec",
                  "lineNumber" : 128
                },
                "name" : "aligned vertically left slika7",
                "highlight" : [ "slika6", "slika7" ]
              } ]
            }, {
              "name" : "slika7",
              "specs" : [ {
                "status" : "info",
                "place" : {
                  "filePath" : "mobilePocetna.gspec",
                  "lineNumber" : 76
                },
                "name" : "width 273px",
                "meta" : [ {
                  "from" : {
                    "object" : "slika7",
                    "edge" : "left"
                  },
                  "to" : {
                    "object" : "slika7",
                    "edge" : "right"
                  },
                  "expectedDistance" : "273px",
                  "realDistance" : "273px"
                } ],
                "highlight" : [ "slika7" ]
              }, {
                "status" : "info",
                "place" : {
                  "filePath" : "mobilePocetna.gspec",
                  "lineNumber" : 77
                },
                "name" : "aligned vertically left sadrzaj 1px",
                "highlight" : [ "slika7", "sadrzaj" ]
              }, {
                "status" : "info",
                "place" : {
                  "filePath" : "mobilePocetna.gspec",
                  "lineNumber" : 78
                },
                "name" : "aligned vertically right sadrzaj 126px",
                "highlight" : [ "slika7", "sadrzaj" ]
              }, {
                "status" : "info",
                "place" : {
                  "filePath" : "mobilePocetna.gspec",
                  "lineNumber" : 82
                },
                "name" : "aligned horizontally top slika6 263px",
                "highlight" : [ "slika7", "slika6" ]
              }, {
                "status" : "info",
                "place" : {
                  "filePath" : "mobilePocetna.gspec",
                  "lineNumber" : 86
                },
                "name" : "aligned horizontally bottom slika8 263px",
                "highlight" : [ "slika7", "slika8" ]
              }, {
                "status" : "info",
                "place" : {
                  "filePath" : "mobilePocetna.gspec",
                  "lineNumber" : 131
                },
                "name" : "aligned horizontally top sadrzaj 1202px",
                "highlight" : [ "slika7", "sadrzaj" ]
              }, {
                "status" : "info",
                "place" : {
                  "filePath" : "mobilePocetna.gspec",
                  "lineNumber" : 132
                },
                "name" : "height 126px",
                "meta" : [ {
                  "from" : {
                    "object" : "slika7",
                    "edge" : "top"
                  },
                  "to" : {
                    "object" : "slika7",
                    "edge" : "bottom"
                  },
                  "expectedDistance" : "126px",
                  "realDistance" : "126px"
                } ],
                "highlight" : [ "slika7" ]
              }, {
                "status" : "info",
                "place" : {
                  "filePath" : "mobilePocetna.gspec",
                  "lineNumber" : 133
                },
                "name" : "aligned horizontally bottom sadrzaj 738px",
                "highlight" : [ "slika7", "sadrzaj" ]
              }, {
                "status" : "info",
                "place" : {
                  "filePath" : "mobilePocetna.gspec",
                  "lineNumber" : 134
                },
                "name" : "above slika8 11px",
                "meta" : [ {
                  "from" : {
                    "object" : "slika7",
                    "edge" : "bottom"
                  },
                  "to" : {
                    "object" : "slika8",
                    "edge" : "top"
                  },
                  "expectedDistance" : "11px",
                  "realDistance" : "11px"
                } ],
                "highlight" : [ "slika7", "slika8" ]
              }, {
                "status" : "info",
                "place" : {
                  "filePath" : "mobilePocetna.gspec",
                  "lineNumber" : 135
                },
                "name" : "aligned vertically left slika8",
                "highlight" : [ "slika7", "slika8" ]
              } ]
            }, {
              "name" : "slika8",
              "specs" : [ {
                "status" : "info",
                "place" : {
                  "filePath" : "mobilePocetna.gspec",
                  "lineNumber" : 76
                },
                "name" : "width 273px",
                "meta" : [ {
                  "from" : {
                    "object" : "slika8",
                    "edge" : "left"
                  },
                  "to" : {
                    "object" : "slika8",
                    "edge" : "right"
                  },
                  "expectedDistance" : "273px",
                  "realDistance" : "273px"
                } ],
                "highlight" : [ "slika8" ]
              }, {
                "status" : "info",
                "place" : {
                  "filePath" : "mobilePocetna.gspec",
                  "lineNumber" : 77
                },
                "name" : "aligned vertically left sadrzaj 1px",
                "highlight" : [ "slika8", "sadrzaj" ]
              }, {
                "status" : "info",
                "place" : {
                  "filePath" : "mobilePocetna.gspec",
                  "lineNumber" : 78
                },
                "name" : "aligned vertically right sadrzaj 126px",
                "highlight" : [ "slika8", "sadrzaj" ]
              }, {
                "status" : "info",
                "place" : {
                  "filePath" : "mobilePocetna.gspec",
                  "lineNumber" : 82
                },
                "name" : "aligned horizontally top slika7 263px",
                "highlight" : [ "slika8", "slika7" ]
              }, {
                "status" : "info",
                "place" : {
                  "filePath" : "mobilePocetna.gspec",
                  "lineNumber" : 86
                },
                "name" : "aligned horizontally bottom slika9 263px",
                "highlight" : [ "slika8", "slika9" ]
              }, {
                "status" : "info",
                "place" : {
                  "filePath" : "mobilePocetna.gspec",
                  "lineNumber" : 138
                },
                "name" : "aligned horizontally top sadrzaj 1396px",
                "highlight" : [ "slika8", "sadrzaj" ]
              }, {
                "status" : "info",
                "place" : {
                  "filePath" : "mobilePocetna.gspec",
                  "lineNumber" : 139
                },
                "name" : "height 148px",
                "meta" : [ {
                  "from" : {
                    "object" : "slika8",
                    "edge" : "top"
                  },
                  "to" : {
                    "object" : "slika8",
                    "edge" : "bottom"
                  },
                  "expectedDistance" : "148px",
                  "realDistance" : "148px"
                } ],
                "highlight" : [ "slika8" ]
              }, {
                "status" : "info",
                "place" : {
                  "filePath" : "mobilePocetna.gspec",
                  "lineNumber" : 140
                },
                "name" : "aligned horizontally bottom sadrzaj 512px",
                "highlight" : [ "slika8", "sadrzaj" ]
              }, {
                "status" : "info",
                "place" : {
                  "filePath" : "mobilePocetna.gspec",
                  "lineNumber" : 141
                },
                "name" : "above slika9 10px",
                "meta" : [ {
                  "from" : {
                    "object" : "slika8",
                    "edge" : "bottom"
                  },
                  "to" : {
                    "object" : "slika9",
                    "edge" : "top"
                  },
                  "expectedDistance" : "10px",
                  "realDistance" : "10px"
                } ],
                "highlight" : [ "slika8", "slika9" ]
              }, {
                "status" : "info",
                "place" : {
                  "filePath" : "mobilePocetna.gspec",
                  "lineNumber" : 142
                },
                "name" : "aligned vertically left slika9",
                "highlight" : [ "slika8", "slika9" ]
              } ]
            }, {
              "name" : "slika9",
              "specs" : [ {
                "status" : "info",
                "place" : {
                  "filePath" : "mobilePocetna.gspec",
                  "lineNumber" : 76
                },
                "name" : "width 273px",
                "meta" : [ {
                  "from" : {
                    "object" : "slika9",
                    "edge" : "left"
                  },
                  "to" : {
                    "object" : "slika9",
                    "edge" : "right"
                  },
                  "expectedDistance" : "273px",
                  "realDistance" : "273px"
                } ],
                "highlight" : [ "slika9" ]
              }, {
                "status" : "info",
                "place" : {
                  "filePath" : "mobilePocetna.gspec",
                  "lineNumber" : 77
                },
                "name" : "aligned vertically left sadrzaj 1px",
                "highlight" : [ "slika9", "sadrzaj" ]
              }, {
                "status" : "info",
                "place" : {
                  "filePath" : "mobilePocetna.gspec",
                  "lineNumber" : 78
                },
                "name" : "aligned vertically right sadrzaj 126px",
                "highlight" : [ "slika9", "sadrzaj" ]
              }, {
                "status" : "info",
                "place" : {
                  "filePath" : "mobilePocetna.gspec",
                  "lineNumber" : 82
                },
                "name" : "aligned horizontally top slika8 263px",
                "highlight" : [ "slika9", "slika8" ]
              }, {
                "status" : "info",
                "place" : {
                  "filePath" : "mobilePocetna.gspec",
                  "lineNumber" : 86
                },
                "name" : "aligned horizontally bottom slika10 263px",
                "highlight" : [ "slika9", "slika10" ]
              }, {
                "status" : "info",
                "place" : {
                  "filePath" : "mobilePocetna.gspec",
                  "lineNumber" : 145
                },
                "name" : "aligned horizontally top sadrzaj 1622px",
                "highlight" : [ "slika9", "sadrzaj" ]
              }, {
                "status" : "info",
                "place" : {
                  "filePath" : "mobilePocetna.gspec",
                  "lineNumber" : 146
                },
                "name" : "aligned horizontally bottom sadrzaj 228px",
                "highlight" : [ "slika9", "sadrzaj" ]
              }, {
                "status" : "info",
                "place" : {
                  "filePath" : "mobilePocetna.gspec",
                  "lineNumber" : 147
                },
                "name" : "height 187px",
                "meta" : [ {
                  "from" : {
                    "object" : "slika9",
                    "edge" : "top"
                  },
                  "to" : {
                    "object" : "slika9",
                    "edge" : "bottom"
                  },
                  "expectedDistance" : "187px",
                  "realDistance" : "187px"
                } ],
                "highlight" : [ "slika9" ]
              }, {
                "status" : "info",
                "place" : {
                  "filePath" : "mobilePocetna.gspec",
                  "lineNumber" : 148
                },
                "name" : "above slika10 11px",
                "meta" : [ {
                  "from" : {
                    "object" : "slika9",
                    "edge" : "bottom"
                  },
                  "to" : {
                    "object" : "slika10",
                    "edge" : "top"
                  },
                  "expectedDistance" : "11px",
                  "realDistance" : "11px"
                } ],
                "highlight" : [ "slika9", "slika10" ]
              }, {
                "status" : "info",
                "place" : {
                  "filePath" : "mobilePocetna.gspec",
                  "lineNumber" : 149
                },
                "name" : "aligned vertically left slika10",
                "highlight" : [ "slika9", "slika10" ]
              } ]
            }, {
              "name" : "slika10",
              "specs" : [ {
                "status" : "info",
                "place" : {
                  "filePath" : "mobilePocetna.gspec",
                  "lineNumber" : 76
                },
                "name" : "width 273px",
                "meta" : [ {
                  "from" : {
                    "object" : "slika10",
                    "edge" : "left"
                  },
                  "to" : {
                    "object" : "slika10",
                    "edge" : "right"
                  },
                  "expectedDistance" : "273px",
                  "realDistance" : "273px"
                } ],
                "highlight" : [ "slika10" ]
              }, {
                "status" : "info",
                "place" : {
                  "filePath" : "mobilePocetna.gspec",
                  "lineNumber" : 77
                },
                "name" : "aligned vertically left sadrzaj 1px",
                "highlight" : [ "slika10", "sadrzaj" ]
              }, {
                "status" : "info",
                "place" : {
                  "filePath" : "mobilePocetna.gspec",
                  "lineNumber" : 78
                },
                "name" : "aligned vertically right sadrzaj 126px",
                "highlight" : [ "slika10", "sadrzaj" ]
              }, {
                "status" : "info",
                "place" : {
                  "filePath" : "mobilePocetna.gspec",
                  "lineNumber" : 82
                },
                "name" : "aligned horizontally top slika9 263px",
                "highlight" : [ "slika10", "slika9" ]
              }, {
                "status" : "info",
                "place" : {
                  "filePath" : "mobilePocetna.gspec",
                  "lineNumber" : 152
                },
                "name" : "aligned horizontally top sadrzaj 1906px",
                "highlight" : [ "slika10", "sadrzaj" ]
              }, {
                "status" : "info",
                "place" : {
                  "filePath" : "mobilePocetna.gspec",
                  "lineNumber" : 153
                },
                "name" : "aligned horizontally bottom sadrzaj 1px",
                "highlight" : [ "slika10", "sadrzaj" ]
              }, {
                "status" : "info",
                "place" : {
                  "filePath" : "mobilePocetna.gspec",
                  "lineNumber" : 154
                },
                "name" : "height 149px",
                "meta" : [ {
                  "from" : {
                    "object" : "slika10",
                    "edge" : "top"
                  },
                  "to" : {
                    "object" : "slika10",
                    "edge" : "bottom"
                  },
                  "expectedDistance" : "149px",
                  "realDistance" : "149px"
                } ],
                "highlight" : [ "slika10" ]
              } ]
            } ]
          }, {
            "name" : "Main",
            "place" : {
              "filePath" : "mobilePocetna.gspec",
              "lineNumber" : 156
            },
            "objects" : [ {
              "name" : "global",
              "specs" : [ {
                "status" : "info",
                "place" : {
                  "filePath" : "mobilePocetna.gspec",
                  "lineNumber" : 158
                },
                "name" : "count any link-* is 5",
                "highlight" : [ "link-5", "link-3", "link-4", "link-1", "link-2" ]
              } ]
            } ]
          } ],
          "objects" : {
            "meni" : {
              "area" : [ 8, 40, 275, 177 ]
            },
            "slika" : {
              "area" : [ 105, 1, 79, 80 ]
            },
            "link-5" : {
              "area" : [ 29, 189, 45, 17 ]
            },
            "link-3" : {
              "area" : [ 29, 139, 36, 17 ]
            },
            "link-4" : {
              "area" : [ 29, 164, 79, 17 ]
            },
            "slika1" : {
              "area" : [ 9, 228, 273, 130 ]
            },
            "slika2" : {
              "area" : [ 9, 369, 273, 149 ]
            },
            "slika3" : {
              "area" : [ 9, 528, 273, 149 ]
            },
            "sadrzaj" : {
              "area" : [ 8, 227, 275, 1489 ]
            },
            "slika4" : {
              "area" : [ 9, 687, 273, 101 ]
            },
            "slika5" : {
              "area" : [ 9, 798, 273, 87 ]
            },
            "slika6" : {
              "area" : [ 9, 896, 273, 167 ]
            },
            "slika7" : {
              "area" : [ 9, 1073, 273, 126 ]
            },
            "slika8" : {
              "area" : [ 9, 1210, 273, 148 ]
            },
            "slika9" : {
              "area" : [ 9, 1368, 273, 187 ]
            },
            "slika10" : {
              "area" : [ 9, 1566, 273, 149 ]
            },
            "lista_linkova" : {
              "area" : [ 9, 86, 273, 130 ]
            },
            "link-1" : {
              "area" : [ 29, 89, 55, 17 ]
            },
            "logo" : {
              "area" : [ 105, 1, 79, 80 ]
            },
            "link-2" : {
              "area" : [ 29, 114, 29, 17 ]
            }
          },
          "screenshot" : "layout-1-screenshot.png",
          "type" : "layout"
        } ],
        "time" : 1573516037191,
        "type" : "node"
      } ],
      "time" : 1573516021205,
      "type" : "node"
    } ]
  }
}