{
  "testId" : "1-unos.gspec",
  "name" : "unos.gspec",
  "report" : {
    "nodes" : [ {
      "name" : "Simple check",
      "status" : "info",
      "nodes" : [ {
        "name" : "check  unos.gspec --url http://localhost/unos.html --size 1024x768 --htmlreport izvjestajUnos",
        "status" : "info",
        "nodes" : [ {
          "name" : "Check layout: unos.gspec included tags: ",
          "status" : "info",
          "time" : 1573512012317,
          "sections" : [ {
            "name" : "Meni section",
            "place" : {
              "filePath" : "unos.gspec",
              "lineNumber" : 13
            },
            "objects" : [ {
              "name" : "meni",
              "specs" : [ {
                "status" : "info",
                "place" : {
                  "filePath" : "unos.gspec",
                  "lineNumber" : 15
                },
                "name" : "above sadrzaj 10px",
                "meta" : [ {
                  "from" : {
                    "object" : "meni",
                    "edge" : "bottom"
                  },
                  "to" : {
                    "object" : "sadrzaj",
                    "edge" : "top"
                  },
                  "expectedDistance" : "10px",
                  "realDistance" : "10px"
                } ],
                "highlight" : [ "meni", "sadrzaj" ]
              }, {
                "status" : "info",
                "place" : {
                  "filePath" : "unos.gspec",
                  "lineNumber" : 16
                },
                "name" : "contains partly logo",
                "highlight" : [ "meni", "logo" ]
              }, {
                "status" : "info",
                "place" : {
                  "filePath" : "unos.gspec",
                  "lineNumber" : 17
                },
                "name" : "contains lista_linkova",
                "highlight" : [ "meni", "lista_linkova" ]
              } ]
            }, {
              "name" : "logo",
              "specs" : [ {
                "status" : "info",
                "place" : {
                  "filePath" : "unos.gspec",
                  "lineNumber" : 21
                },
                "name" : "centered horizontally inside meni",
                "highlight" : [ "logo", "meni" ]
              }, {
                "status" : "info",
                "place" : {
                  "filePath" : "unos.gspec",
                  "lineNumber" : 22
                },
                "name" : "on top edge meni ~40px top",
                "highlight" : [ "logo", "meni" ]
              }, {
                "status" : "info",
                "place" : {
                  "filePath" : "unos.gspec",
                  "lineNumber" : 23
                },
                "name" : "height 80px",
                "meta" : [ {
                  "from" : {
                    "object" : "logo",
                    "edge" : "top"
                  },
                  "to" : {
                    "object" : "logo",
                    "edge" : "bottom"
                  },
                  "expectedDistance" : "80px",
                  "realDistance" : "80px"
                } ],
                "highlight" : [ "logo" ]
              }, {
                "status" : "info",
                "place" : {
                  "filePath" : "unos.gspec",
                  "lineNumber" : 24
                },
                "name" : "contains slika",
                "highlight" : [ "logo", "slika" ]
              } ]
            }, {
              "name" : "slika",
              "specs" : [ {
                "status" : "info",
                "place" : {
                  "filePath" : "unos.gspec",
                  "lineNumber" : 27
                },
                "name" : "inside logo",
                "meta" : [ ],
                "highlight" : [ "slika", "logo" ]
              }, {
                "status" : "info",
                "place" : {
                  "filePath" : "unos.gspec",
                  "lineNumber" : 28
                },
                "name" : "height 100 % of logo/height",
                "meta" : [ {
                  "from" : {
                    "object" : "slika",
                    "edge" : "top"
                  },
                  "to" : {
                    "object" : "slika",
                    "edge" : "bottom"
                  },
                  "expectedDistance" : "100% [80px]",
                  "realDistance" : "100% [80px]"
                } ],
                "highlight" : [ "slika" ]
              }, {
                "status" : "info",
                "place" : {
                  "filePath" : "unos.gspec",
                  "lineNumber" : 29
                },
                "name" : "width 100 % of logo/width",
                "meta" : [ {
                  "from" : {
                    "object" : "slika",
                    "edge" : "left"
                  },
                  "to" : {
                    "object" : "slika",
                    "edge" : "right"
                  },
                  "expectedDistance" : "100% [79px]",
                  "realDistance" : "100% [79px]"
                } ],
                "highlight" : [ "slika" ]
              } ]
            }, {
              "name" : "lista_linkova",
              "specs" : [ {
                "status" : "info",
                "place" : {
                  "filePath" : "unos.gspec",
                  "lineNumber" : 32
                },
                "name" : "inside meni 1px bottom left right, ~45px top",
                "meta" : [ {
                  "from" : {
                    "object" : "lista_linkova",
                    "edge" : "bottom"
                  },
                  "to" : {
                    "object" : "meni",
                    "edge" : "bottom"
                  },
                  "expectedDistance" : "1px",
                  "realDistance" : "1px"
                }, {
                  "from" : {
                    "object" : "lista_linkova",
                    "edge" : "left"
                  },
                  "to" : {
                    "object" : "meni",
                    "edge" : "left"
                  },
                  "expectedDistance" : "1px",
                  "realDistance" : "1px"
                }, {
                  "from" : {
                    "object" : "lista_linkova",
                    "edge" : "right"
                  },
                  "to" : {
                    "object" : "meni",
                    "edge" : "right"
                  },
                  "expectedDistance" : "1px",
                  "realDistance" : "1px"
                }, {
                  "from" : {
                    "object" : "lista_linkova",
                    "edge" : "top"
                  },
                  "to" : {
                    "object" : "meni",
                    "edge" : "top"
                  },
                  "expectedDistance" : "43 to 47px",
                  "realDistance" : "46px"
                } ],
                "highlight" : [ "lista_linkova", "meni" ]
              }, {
                "status" : "info",
                "place" : {
                  "filePath" : "unos.gspec",
                  "lineNumber" : 33
                },
                "name" : "below logo",
                "meta" : [ {
                  "from" : {
                    "object" : "lista_linkova",
                    "edge" : "top"
                  },
                  "to" : {
                    "object" : "logo",
                    "edge" : "bottom"
                  },
                  "expectedDistance" : ">= 0px",
                  "realDistance" : "5px"
                } ],
                "highlight" : [ "lista_linkova", "logo" ]
              }, {
                "status" : "info",
                "place" : {
                  "filePath" : "unos.gspec",
                  "lineNumber" : 34
                },
                "name" : "width ~100% of meni/width",
                "meta" : [ {
                  "from" : {
                    "object" : "lista_linkova",
                    "edge" : "left"
                  },
                  "to" : {
                    "object" : "lista_linkova",
                    "edge" : "right"
                  },
                  "expectedDistance" : "98 to 102% [976 to 1015px]",
                  "realDistance" : "99% [994px]"
                } ],
                "highlight" : [ "lista_linkova" ]
              } ]
            }, {
              "name" : "link-1",
              "specs" : [ {
                "status" : "info",
                "place" : {
                  "filePath" : "unos.gspec",
                  "lineNumber" : 39
                },
                "name" : "left-of link-2 24px",
                "meta" : [ {
                  "from" : {
                    "object" : "link-1",
                    "edge" : "right"
                  },
                  "to" : {
                    "object" : "link-2",
                    "edge" : "left"
                  },
                  "expectedDistance" : "24px",
                  "realDistance" : "24px"
                } ],
                "highlight" : [ "link-1", "link-2" ]
              }, {
                "status" : "info",
                "place" : {
                  "filePath" : "unos.gspec",
                  "lineNumber" : 40
                },
                "name" : "aligned horizontally all link-2",
                "highlight" : [ "link-1", "link-2" ]
              }, {
                "status" : "info",
                "place" : {
                  "filePath" : "unos.gspec",
                  "lineNumber" : 43
                },
                "name" : "aligned vertically left lista_linkova 20px",
                "highlight" : [ "link-1", "lista_linkova" ]
              } ]
            }, {
              "name" : "link-2",
              "specs" : [ {
                "status" : "info",
                "place" : {
                  "filePath" : "unos.gspec",
                  "lineNumber" : 39
                },
                "name" : "left-of link-3 24px",
                "meta" : [ {
                  "from" : {
                    "object" : "link-2",
                    "edge" : "right"
                  },
                  "to" : {
                    "object" : "link-3",
                    "edge" : "left"
                  },
                  "expectedDistance" : "24px",
                  "realDistance" : "24px"
                } ],
                "highlight" : [ "link-2", "link-3" ]
              }, {
                "status" : "info",
                "place" : {
                  "filePath" : "unos.gspec",
                  "lineNumber" : 40
                },
                "name" : "aligned horizontally all link-3",
                "highlight" : [ "link-2", "link-3" ]
              } ]
            }, {
              "name" : "link-3",
              "specs" : [ {
                "status" : "info",
                "place" : {
                  "filePath" : "unos.gspec",
                  "lineNumber" : 39
                },
                "name" : "left-of link-4 24px",
                "meta" : [ {
                  "from" : {
                    "object" : "link-3",
                    "edge" : "right"
                  },
                  "to" : {
                    "object" : "link-4",
                    "edge" : "left"
                  },
                  "expectedDistance" : "24px",
                  "realDistance" : "24px"
                } ],
                "highlight" : [ "link-3", "link-4" ]
              }, {
                "status" : "info",
                "place" : {
                  "filePath" : "unos.gspec",
                  "lineNumber" : 40
                },
                "name" : "aligned horizontally all link-4",
                "highlight" : [ "link-3", "link-4" ]
              } ]
            }, {
              "name" : "link-4",
              "specs" : [ {
                "status" : "info",
                "place" : {
                  "filePath" : "unos.gspec",
                  "lineNumber" : 39
                },
                "name" : "left-of link-5 24px",
                "meta" : [ {
                  "from" : {
                    "object" : "link-4",
                    "edge" : "right"
                  },
                  "to" : {
                    "object" : "link-5",
                    "edge" : "left"
                  },
                  "expectedDistance" : "24px",
                  "realDistance" : "24px"
                } ],
                "highlight" : [ "link-4", "link-5" ]
              }, {
                "status" : "info",
                "place" : {
                  "filePath" : "unos.gspec",
                  "lineNumber" : 40
                },
                "name" : "aligned horizontally all link-5",
                "highlight" : [ "link-4", "link-5" ]
              } ]
            }, {
              "name" : "link-5",
              "specs" : [ {
                "status" : "info",
                "place" : {
                  "filePath" : "unos.gspec",
                  "lineNumber" : 46
                },
                "name" : "width ~45px",
                "meta" : [ {
                  "from" : {
                    "object" : "link-5",
                    "edge" : "left"
                  },
                  "to" : {
                    "object" : "link-5",
                    "edge" : "right"
                  },
                  "expectedDistance" : "43 to 47px",
                  "realDistance" : "45px"
                } ],
                "highlight" : [ "link-5" ]
              } ]
            } ]
          }, {
            "name" : "Main section",
            "place" : {
              "filePath" : "unos.gspec",
              "lineNumber" : 48
            },
            "objects" : [ {
              "name" : "sadrzaj",
              "specs" : [ {
                "status" : "info",
                "place" : {
                  "filePath" : "unos.gspec",
                  "lineNumber" : 50
                },
                "name" : "below meni",
                "meta" : [ {
                  "from" : {
                    "object" : "sadrzaj",
                    "edge" : "top"
                  },
                  "to" : {
                    "object" : "meni",
                    "edge" : "bottom"
                  },
                  "expectedDistance" : ">= 0px",
                  "realDistance" : "10px"
                } ],
                "highlight" : [ "sadrzaj", "meni" ]
              }, {
                "status" : "info",
                "place" : {
                  "filePath" : "unos.gspec",
                  "lineNumber" : 51
                },
                "name" : "width ~100 % of screen/width",
                "meta" : [ {
                  "from" : {
                    "object" : "sadrzaj",
                    "edge" : "left"
                  },
                  "to" : {
                    "object" : "sadrzaj",
                    "edge" : "right"
                  },
                  "expectedDistance" : "98 to 102% [991 to 1032px]",
                  "realDistance" : "98% [996px]"
                } ],
                "highlight" : [ "sadrzaj" ]
              } ]
            }, {
              "name" : "forma",
              "specs" : [ {
                "status" : "info",
                "place" : {
                  "filePath" : "unos.gspec",
                  "lineNumber" : 54
                },
                "name" : "centered horizontally inside sadrzaj",
                "highlight" : [ "forma", "sadrzaj" ]
              }, {
                "status" : "info",
                "place" : {
                  "filePath" : "unos.gspec",
                  "lineNumber" : 55
                },
                "name" : "inside sadrzaj ~100px top, ~115px bottom",
                "meta" : [ {
                  "from" : {
                    "object" : "forma",
                    "edge" : "top"
                  },
                  "to" : {
                    "object" : "sadrzaj",
                    "edge" : "top"
                  },
                  "expectedDistance" : "98 to 102px",
                  "realDistance" : "101px"
                }, {
                  "from" : {
                    "object" : "forma",
                    "edge" : "bottom"
                  },
                  "to" : {
                    "object" : "sadrzaj",
                    "edge" : "bottom"
                  },
                  "expectedDistance" : "113 to 117px",
                  "realDistance" : "117px"
                } ],
                "highlight" : [ "forma", "sadrzaj" ]
              } ]
            }, {
              "name" : "label-1",
              "specs" : [ {
                "status" : "info",
                "place" : {
                  "filePath" : "unos.gspec",
                  "lineNumber" : 59
                },
                "name" : "left-of input-1 1px",
                "meta" : [ {
                  "from" : {
                    "object" : "label-1",
                    "edge" : "right"
                  },
                  "to" : {
                    "object" : "input-1",
                    "edge" : "left"
                  },
                  "expectedDistance" : "1px",
                  "realDistance" : "1px"
                } ],
                "highlight" : [ "label-1", "input-1" ]
              }, {
                "status" : "info",
                "place" : {
                  "filePath" : "unos.gspec",
                  "lineNumber" : 60
                },
                "name" : "aligned horizontally top label-2 32px",
                "highlight" : [ "label-1", "label-2" ]
              }, {
                "status" : "info",
                "place" : {
                  "filePath" : "unos.gspec",
                  "lineNumber" : 61
                },
                "name" : "width 140px",
                "meta" : [ {
                  "from" : {
                    "object" : "label-1",
                    "edge" : "left"
                  },
                  "to" : {
                    "object" : "label-1",
                    "edge" : "right"
                  },
                  "expectedDistance" : "140px",
                  "realDistance" : "140px"
                } ],
                "highlight" : [ "label-1" ]
              }, {
                "status" : "info",
                "place" : {
                  "filePath" : "unos.gspec",
                  "lineNumber" : 62
                },
                "name" : "height 17px",
                "meta" : [ {
                  "from" : {
                    "object" : "label-1",
                    "edge" : "top"
                  },
                  "to" : {
                    "object" : "label-1",
                    "edge" : "bottom"
                  },
                  "expectedDistance" : "17px",
                  "realDistance" : "17px"
                } ],
                "highlight" : [ "label-1" ]
              }, {
                "status" : "info",
                "place" : {
                  "filePath" : "unos.gspec",
                  "lineNumber" : 78
                },
                "name" : "aligned horizontally top forma 21px",
                "highlight" : [ "label-1", "forma" ]
              } ]
            }, {
              "name" : "label-2",
              "specs" : [ {
                "status" : "info",
                "place" : {
                  "filePath" : "unos.gspec",
                  "lineNumber" : 59
                },
                "name" : "left-of input-2 1px",
                "meta" : [ {
                  "from" : {
                    "object" : "label-2",
                    "edge" : "right"
                  },
                  "to" : {
                    "object" : "input-2",
                    "edge" : "left"
                  },
                  "expectedDistance" : "1px",
                  "realDistance" : "1px"
                } ],
                "highlight" : [ "label-2", "input-2" ]
              }, {
                "status" : "info",
                "place" : {
                  "filePath" : "unos.gspec",
                  "lineNumber" : 60
                },
                "name" : "aligned horizontally top label-3 32px",
                "highlight" : [ "label-2", "label-3" ]
              }, {
                "status" : "info",
                "place" : {
                  "filePath" : "unos.gspec",
                  "lineNumber" : 61
                },
                "name" : "width 140px",
                "meta" : [ {
                  "from" : {
                    "object" : "label-2",
                    "edge" : "left"
                  },
                  "to" : {
                    "object" : "label-2",
                    "edge" : "right"
                  },
                  "expectedDistance" : "140px",
                  "realDistance" : "140px"
                } ],
                "highlight" : [ "label-2" ]
              }, {
                "status" : "info",
                "place" : {
                  "filePath" : "unos.gspec",
                  "lineNumber" : 62
                },
                "name" : "height 17px",
                "meta" : [ {
                  "from" : {
                    "object" : "label-2",
                    "edge" : "top"
                  },
                  "to" : {
                    "object" : "label-2",
                    "edge" : "bottom"
                  },
                  "expectedDistance" : "17px",
                  "realDistance" : "17px"
                } ],
                "highlight" : [ "label-2" ]
              } ]
            }, {
              "name" : "label-3",
              "specs" : [ {
                "status" : "info",
                "place" : {
                  "filePath" : "unos.gspec",
                  "lineNumber" : 59
                },
                "name" : "left-of input-3 1px",
                "meta" : [ {
                  "from" : {
                    "object" : "label-3",
                    "edge" : "right"
                  },
                  "to" : {
                    "object" : "input-3",
                    "edge" : "left"
                  },
                  "expectedDistance" : "1px",
                  "realDistance" : "1px"
                } ],
                "highlight" : [ "label-3", "input-3" ]
              }, {
                "status" : "info",
                "place" : {
                  "filePath" : "unos.gspec",
                  "lineNumber" : 60
                },
                "name" : "aligned horizontally top label-4 32px",
                "highlight" : [ "label-3", "label-4" ]
              }, {
                "status" : "info",
                "place" : {
                  "filePath" : "unos.gspec",
                  "lineNumber" : 61
                },
                "name" : "width 140px",
                "meta" : [ {
                  "from" : {
                    "object" : "label-3",
                    "edge" : "left"
                  },
                  "to" : {
                    "object" : "label-3",
                    "edge" : "right"
                  },
                  "expectedDistance" : "140px",
                  "realDistance" : "140px"
                } ],
                "highlight" : [ "label-3" ]
              }, {
                "status" : "info",
                "place" : {
                  "filePath" : "unos.gspec",
                  "lineNumber" : 62
                },
                "name" : "height 17px",
                "meta" : [ {
                  "from" : {
                    "object" : "label-3",
                    "edge" : "top"
                  },
                  "to" : {
                    "object" : "label-3",
                    "edge" : "bottom"
                  },
                  "expectedDistance" : "17px",
                  "realDistance" : "17px"
                } ],
                "highlight" : [ "label-3" ]
              } ]
            }, {
              "name" : "label-4",
              "specs" : [ {
                "status" : "info",
                "place" : {
                  "filePath" : "unos.gspec",
                  "lineNumber" : 65
                },
                "name" : "left-of input-4 1px",
                "meta" : [ {
                  "from" : {
                    "object" : "label-4",
                    "edge" : "right"
                  },
                  "to" : {
                    "object" : "input-4",
                    "edge" : "left"
                  },
                  "expectedDistance" : "1px",
                  "realDistance" : "1px"
                } ],
                "highlight" : [ "label-4", "input-4" ]
              }, {
                "status" : "info",
                "place" : {
                  "filePath" : "unos.gspec",
                  "lineNumber" : 66
                },
                "name" : "aligned horizontally top label-5 52px",
                "highlight" : [ "label-4", "label-5" ]
              }, {
                "status" : "info",
                "place" : {
                  "filePath" : "unos.gspec",
                  "lineNumber" : 67
                },
                "name" : "width 140px",
                "meta" : [ {
                  "from" : {
                    "object" : "label-4",
                    "edge" : "left"
                  },
                  "to" : {
                    "object" : "label-4",
                    "edge" : "right"
                  },
                  "expectedDistance" : "140px",
                  "realDistance" : "140px"
                } ],
                "highlight" : [ "label-4" ]
              }, {
                "status" : "info",
                "place" : {
                  "filePath" : "unos.gspec",
                  "lineNumber" : 68
                },
                "name" : "height 17px",
                "meta" : [ {
                  "from" : {
                    "object" : "label-4",
                    "edge" : "top"
                  },
                  "to" : {
                    "object" : "label-4",
                    "edge" : "bottom"
                  },
                  "expectedDistance" : "17px",
                  "realDistance" : "17px"
                } ],
                "highlight" : [ "label-4" ]
              } ]
            }, {
              "name" : "label-5",
              "specs" : [ {
                "status" : "info",
                "place" : {
                  "filePath" : "unos.gspec",
                  "lineNumber" : 71
                },
                "name" : "inside forma 29px bottom",
                "meta" : [ {
                  "from" : {
                    "object" : "label-5",
                    "edge" : "bottom"
                  },
                  "to" : {
                    "object" : "forma",
                    "edge" : "bottom"
                  },
                  "expectedDistance" : "29px",
                  "realDistance" : "29px"
                } ],
                "highlight" : [ "label-5", "forma" ]
              }, {
                "status" : "info",
                "place" : {
                  "filePath" : "unos.gspec",
                  "lineNumber" : 72
                },
                "name" : "left-of input-5 45px",
                "meta" : [ {
                  "from" : {
                    "object" : "label-5",
                    "edge" : "right"
                  },
                  "to" : {
                    "object" : "input-5",
                    "edge" : "left"
                  },
                  "expectedDistance" : "45px",
                  "realDistance" : "45px"
                } ],
                "highlight" : [ "label-5", "input-5" ]
              }, {
                "status" : "info",
                "place" : {
                  "filePath" : "unos.gspec",
                  "lineNumber" : 73
                },
                "name" : "width 140px",
                "meta" : [ {
                  "from" : {
                    "object" : "label-5",
                    "edge" : "left"
                  },
                  "to" : {
                    "object" : "label-5",
                    "edge" : "right"
                  },
                  "expectedDistance" : "140px",
                  "realDistance" : "140px"
                } ],
                "highlight" : [ "label-5" ]
              }, {
                "status" : "info",
                "place" : {
                  "filePath" : "unos.gspec",
                  "lineNumber" : 74
                },
                "name" : "height 17px",
                "meta" : [ {
                  "from" : {
                    "object" : "label-5",
                    "edge" : "top"
                  },
                  "to" : {
                    "object" : "label-5",
                    "edge" : "bottom"
                  },
                  "expectedDistance" : "17px",
                  "realDistance" : "17px"
                } ],
                "highlight" : [ "label-5" ]
              } ]
            }, {
              "name" : "input-1",
              "specs" : [ {
                "status" : "info",
                "place" : {
                  "filePath" : "unos.gspec",
                  "lineNumber" : 81
                },
                "name" : "aligned horizontally top forma 21px",
                "highlight" : [ "input-1", "forma" ]
              }, {
                "status" : "info",
                "place" : {
                  "filePath" : "unos.gspec",
                  "lineNumber" : 91
                },
                "name" : "width 186px",
                "meta" : [ {
                  "from" : {
                    "object" : "input-1",
                    "edge" : "left"
                  },
                  "to" : {
                    "object" : "input-1",
                    "edge" : "right"
                  },
                  "expectedDistance" : "186px",
                  "realDistance" : "186px"
                } ],
                "highlight" : [ "input-1" ]
              }, {
                "status" : "info",
                "place" : {
                  "filePath" : "unos.gspec",
                  "lineNumber" : 92
                },
                "name" : "height 22px",
                "meta" : [ {
                  "from" : {
                    "object" : "input-1",
                    "edge" : "top"
                  },
                  "to" : {
                    "object" : "input-1",
                    "edge" : "bottom"
                  },
                  "expectedDistance" : "22px",
                  "realDistance" : "22px"
                } ],
                "highlight" : [ "input-1" ]
              }, {
                "status" : "info",
                "place" : {
                  "filePath" : "unos.gspec",
                  "lineNumber" : 93
                },
                "name" : "aligned vertically right forma 19px",
                "highlight" : [ "input-1", "forma" ]
              }, {
                "status" : "info",
                "place" : {
                  "filePath" : "unos.gspec",
                  "lineNumber" : 94
                },
                "name" : "aligned horizontally top input-2 32px",
                "highlight" : [ "input-1", "input-2" ]
              } ]
            }, {
              "name" : "input-4",
              "specs" : [ {
                "status" : "info",
                "place" : {
                  "filePath" : "unos.gspec",
                  "lineNumber" : 84
                },
                "name" : "width 186px",
                "meta" : [ {
                  "from" : {
                    "object" : "input-4",
                    "edge" : "left"
                  },
                  "to" : {
                    "object" : "input-4",
                    "edge" : "right"
                  },
                  "expectedDistance" : "186px",
                  "realDistance" : "186px"
                } ],
                "highlight" : [ "input-4" ]
              }, {
                "status" : "info",
                "place" : {
                  "filePath" : "unos.gspec",
                  "lineNumber" : 85
                },
                "name" : "height 22px",
                "meta" : [ {
                  "from" : {
                    "object" : "input-4",
                    "edge" : "top"
                  },
                  "to" : {
                    "object" : "input-4",
                    "edge" : "bottom"
                  },
                  "expectedDistance" : "22px",
                  "realDistance" : "22px"
                } ],
                "highlight" : [ "input-4" ]
              }, {
                "status" : "info",
                "place" : {
                  "filePath" : "unos.gspec",
                  "lineNumber" : 86
                },
                "name" : "aligned horizontally bottom input-3 32px",
                "highlight" : [ "input-4", "input-3" ]
              }, {
                "status" : "info",
                "place" : {
                  "filePath" : "unos.gspec",
                  "lineNumber" : 87
                },
                "name" : "aligned horizontally bottom forma 76px",
                "highlight" : [ "input-4", "forma" ]
              } ]
            }, {
              "name" : "input-2",
              "specs" : [ {
                "status" : "info",
                "place" : {
                  "filePath" : "unos.gspec",
                  "lineNumber" : 91
                },
                "name" : "width 186px",
                "meta" : [ {
                  "from" : {
                    "object" : "input-2",
                    "edge" : "left"
                  },
                  "to" : {
                    "object" : "input-2",
                    "edge" : "right"
                  },
                  "expectedDistance" : "186px",
                  "realDistance" : "186px"
                } ],
                "highlight" : [ "input-2" ]
              }, {
                "status" : "info",
                "place" : {
                  "filePath" : "unos.gspec",
                  "lineNumber" : 92
                },
                "name" : "height 22px",
                "meta" : [ {
                  "from" : {
                    "object" : "input-2",
                    "edge" : "top"
                  },
                  "to" : {
                    "object" : "input-2",
                    "edge" : "bottom"
                  },
                  "expectedDistance" : "22px",
                  "realDistance" : "22px"
                } ],
                "highlight" : [ "input-2" ]
              }, {
                "status" : "info",
                "place" : {
                  "filePath" : "unos.gspec",
                  "lineNumber" : 93
                },
                "name" : "aligned vertically right forma 19px",
                "highlight" : [ "input-2", "forma" ]
              }, {
                "status" : "info",
                "place" : {
                  "filePath" : "unos.gspec",
                  "lineNumber" : 94
                },
                "name" : "aligned horizontally top input-3 32px",
                "highlight" : [ "input-2", "input-3" ]
              } ]
            }, {
              "name" : "input-3",
              "specs" : [ {
                "status" : "info",
                "place" : {
                  "filePath" : "unos.gspec",
                  "lineNumber" : 91
                },
                "name" : "width 186px",
                "meta" : [ {
                  "from" : {
                    "object" : "input-3",
                    "edge" : "left"
                  },
                  "to" : {
                    "object" : "input-3",
                    "edge" : "right"
                  },
                  "expectedDistance" : "186px",
                  "realDistance" : "186px"
                } ],
                "highlight" : [ "input-3" ]
              }, {
                "status" : "info",
                "place" : {
                  "filePath" : "unos.gspec",
                  "lineNumber" : 92
                },
                "name" : "height 22px",
                "meta" : [ {
                  "from" : {
                    "object" : "input-3",
                    "edge" : "top"
                  },
                  "to" : {
                    "object" : "input-3",
                    "edge" : "bottom"
                  },
                  "expectedDistance" : "22px",
                  "realDistance" : "22px"
                } ],
                "highlight" : [ "input-3" ]
              }, {
                "status" : "info",
                "place" : {
                  "filePath" : "unos.gspec",
                  "lineNumber" : 93
                },
                "name" : "aligned vertically right forma 19px",
                "highlight" : [ "input-3", "forma" ]
              }, {
                "status" : "info",
                "place" : {
                  "filePath" : "unos.gspec",
                  "lineNumber" : 94
                },
                "name" : "aligned horizontally top input-4 32px",
                "highlight" : [ "input-3", "input-4" ]
              } ]
            }, {
              "name" : "input-5",
              "specs" : [ {
                "status" : "info",
                "place" : {
                  "filePath" : "unos.gspec",
                  "lineNumber" : 97
                },
                "name" : "width 100px",
                "meta" : [ {
                  "from" : {
                    "object" : "input-5",
                    "edge" : "left"
                  },
                  "to" : {
                    "object" : "input-5",
                    "edge" : "right"
                  },
                  "expectedDistance" : "100px",
                  "realDistance" : "100px"
                } ],
                "highlight" : [ "input-5" ]
              }, {
                "status" : "info",
                "place" : {
                  "filePath" : "unos.gspec",
                  "lineNumber" : 98
                },
                "name" : "height 30px",
                "meta" : [ {
                  "from" : {
                    "object" : "input-5",
                    "edge" : "top"
                  },
                  "to" : {
                    "object" : "input-5",
                    "edge" : "bottom"
                  },
                  "expectedDistance" : "30px",
                  "realDistance" : "30px"
                } ],
                "highlight" : [ "input-5" ]
              }, {
                "status" : "info",
                "place" : {
                  "filePath" : "unos.gspec",
                  "lineNumber" : 99
                },
                "name" : "inside forma 21px bottom, 201px left, 61px right",
                "meta" : [ {
                  "from" : {
                    "object" : "input-5",
                    "edge" : "bottom"
                  },
                  "to" : {
                    "object" : "forma",
                    "edge" : "bottom"
                  },
                  "expectedDistance" : "21px",
                  "realDistance" : "21px"
                }, {
                  "from" : {
                    "object" : "input-5",
                    "edge" : "left"
                  },
                  "to" : {
                    "object" : "forma",
                    "edge" : "left"
                  },
                  "expectedDistance" : "201px",
                  "realDistance" : "201px"
                }, {
                  "from" : {
                    "object" : "input-5",
                    "edge" : "right"
                  },
                  "to" : {
                    "object" : "forma",
                    "edge" : "right"
                  },
                  "expectedDistance" : "61px",
                  "realDistance" : "61px"
                } ],
                "highlight" : [ "input-5", "forma" ]
              } ]
            } ]
          }, {
            "name" : "Main",
            "place" : {
              "filePath" : "unos.gspec",
              "lineNumber" : 103
            },
            "objects" : [ {
              "name" : "global",
              "specs" : [ {
                "status" : "info",
                "place" : {
                  "filePath" : "unos.gspec",
                  "lineNumber" : 105
                },
                "name" : "count any link-* is 5",
                "highlight" : [ "link-5", "link-3", "link-4", "link-1", "link-2" ]
              } ]
            } ]
          } ],
          "objects" : {
            "meni" : {
              "area" : [ 8, 40, 996, 84 ]
            },
            "label-4" : {
              "area" : [ 341, 352, 140, 17 ]
            },
            "slika" : {
              "area" : [ 466, 1, 79, 80 ]
            },
            "label-3" : {
              "area" : [ 341, 320, 140, 17 ]
            },
            "label-2" : {
              "area" : [ 341, 288, 140, 17 ]
            },
            "label-1" : {
              "area" : [ 341, 256, 140, 17 ]
            },
            "link-5" : {
              "area" : [ 324, 96, 45, 17 ]
            },
            "link-3" : {
              "area" : [ 161, 96, 36, 17 ]
            },
            "link-4" : {
              "area" : [ 221, 96, 79, 17 ]
            },
            "label-5" : {
              "area" : [ 341, 404, 140, 17 ]
            },
            "input-1" : {
              "area" : [ 482, 256, 186, 22 ]
            },
            "input-2" : {
              "area" : [ 482, 288, 186, 22 ]
            },
            "forma" : {
              "area" : [ 325, 235, 362, 215 ]
            },
            "sadrzaj" : {
              "area" : [ 8, 134, 996, 433 ]
            },
            "input-3" : {
              "area" : [ 482, 320, 186, 22 ]
            },
            "input-4" : {
              "area" : [ 482, 352, 186, 22 ]
            },
            "input-5" : {
              "area" : [ 526, 399, 100, 30 ]
            },
            "lista_linkova" : {
              "area" : [ 9, 86, 994, 37 ]
            },
            "link-1" : {
              "area" : [ 29, 96, 55, 17 ]
            },
            "logo" : {
              "area" : [ 466, 1, 79, 80 ]
            },
            "link-2" : {
              "area" : [ 108, 96, 29, 17 ]
            }
          },
          "screenshot" : "layout-1-screenshot.png",
          "type" : "layout"
        } ],
        "time" : 1573512000325,
        "type" : "node"
      } ],
      "time" : 1573511984410,
      "type" : "node"
    } ]
  }
}