{
  "testId" : "1-mobilerezervacija.gspec",
  "name" : "mobileRezervacija.gspec",
  "report" : {
    "nodes" : [ {
      "name" : "Simple check",
      "status" : "info",
      "nodes" : [ {
        "name" : "check  mobileRezervacija.gspec --url http://localhost/rezervacija.html --size 320x600 --htmlreport izvjestajMobileRezervacija",
        "status" : "info",
        "nodes" : [ {
          "name" : "Check layout: mobileRezervacija.gspec included tags: ",
          "status" : "info",
          "time" : 1573516949589,
          "sections" : [ {
            "name" : "Meni section",
            "place" : {
              "filePath" : "mobileRezervacija.gspec",
              "lineNumber" : 15
            },
            "objects" : [ {
              "name" : "meni",
              "specs" : [ {
                "status" : "info",
                "place" : {
                  "filePath" : "mobileRezervacija.gspec",
                  "lineNumber" : 17
                },
                "name" : "above sadrzaj 10px",
                "meta" : [ {
                  "from" : {
                    "object" : "meni",
                    "edge" : "bottom"
                  },
                  "to" : {
                    "object" : "sadrzaj",
                    "edge" : "top"
                  },
                  "expectedDistance" : "10px",
                  "realDistance" : "10px"
                } ],
                "highlight" : [ "meni", "sadrzaj" ]
              }, {
                "status" : "info",
                "place" : {
                  "filePath" : "mobileRezervacija.gspec",
                  "lineNumber" : 18
                },
                "name" : "contains partly logo",
                "highlight" : [ "meni", "logo" ]
              }, {
                "status" : "info",
                "place" : {
                  "filePath" : "mobileRezervacija.gspec",
                  "lineNumber" : 19
                },
                "name" : "contains lista_linkova",
                "highlight" : [ "meni", "lista_linkova" ]
              } ]
            }, {
              "name" : "logo",
              "specs" : [ {
                "status" : "info",
                "place" : {
                  "filePath" : "mobileRezervacija.gspec",
                  "lineNumber" : 23
                },
                "name" : "centered horizontally inside meni",
                "highlight" : [ "logo", "meni" ]
              }, {
                "status" : "info",
                "place" : {
                  "filePath" : "mobileRezervacija.gspec",
                  "lineNumber" : 24
                },
                "name" : "on top edge meni ~40px top",
                "highlight" : [ "logo", "meni" ]
              }, {
                "status" : "info",
                "place" : {
                  "filePath" : "mobileRezervacija.gspec",
                  "lineNumber" : 25
                },
                "name" : "height 80px",
                "meta" : [ {
                  "from" : {
                    "object" : "logo",
                    "edge" : "top"
                  },
                  "to" : {
                    "object" : "logo",
                    "edge" : "bottom"
                  },
                  "expectedDistance" : "80px",
                  "realDistance" : "80px"
                } ],
                "highlight" : [ "logo" ]
              }, {
                "status" : "info",
                "place" : {
                  "filePath" : "mobileRezervacija.gspec",
                  "lineNumber" : 26
                },
                "name" : "contains slika",
                "highlight" : [ "logo", "slika" ]
              } ]
            }, {
              "name" : "slika",
              "specs" : [ {
                "status" : "info",
                "place" : {
                  "filePath" : "mobileRezervacija.gspec",
                  "lineNumber" : 29
                },
                "name" : "inside logo",
                "meta" : [ ],
                "highlight" : [ "slika", "logo" ]
              }, {
                "status" : "info",
                "place" : {
                  "filePath" : "mobileRezervacija.gspec",
                  "lineNumber" : 30
                },
                "name" : "height 100 % of logo/height",
                "meta" : [ {
                  "from" : {
                    "object" : "slika",
                    "edge" : "top"
                  },
                  "to" : {
                    "object" : "slika",
                    "edge" : "bottom"
                  },
                  "expectedDistance" : "100% [80px]",
                  "realDistance" : "100% [80px]"
                } ],
                "highlight" : [ "slika" ]
              }, {
                "status" : "info",
                "place" : {
                  "filePath" : "mobileRezervacija.gspec",
                  "lineNumber" : 31
                },
                "name" : "width 100 % of logo/width",
                "meta" : [ {
                  "from" : {
                    "object" : "slika",
                    "edge" : "left"
                  },
                  "to" : {
                    "object" : "slika",
                    "edge" : "right"
                  },
                  "expectedDistance" : "100% [79px]",
                  "realDistance" : "100% [79px]"
                } ],
                "highlight" : [ "slika" ]
              } ]
            }, {
              "name" : "lista_linkova",
              "specs" : [ {
                "status" : "info",
                "place" : {
                  "filePath" : "mobileRezervacija.gspec",
                  "lineNumber" : 34
                },
                "name" : "inside meni 1px bottom left right, ~45px top",
                "meta" : [ {
                  "from" : {
                    "object" : "lista_linkova",
                    "edge" : "bottom"
                  },
                  "to" : {
                    "object" : "meni",
                    "edge" : "bottom"
                  },
                  "expectedDistance" : "1px",
                  "realDistance" : "1px"
                }, {
                  "from" : {
                    "object" : "lista_linkova",
                    "edge" : "left"
                  },
                  "to" : {
                    "object" : "meni",
                    "edge" : "left"
                  },
                  "expectedDistance" : "1px",
                  "realDistance" : "1px"
                }, {
                  "from" : {
                    "object" : "lista_linkova",
                    "edge" : "right"
                  },
                  "to" : {
                    "object" : "meni",
                    "edge" : "right"
                  },
                  "expectedDistance" : "1px",
                  "realDistance" : "1px"
                }, {
                  "from" : {
                    "object" : "lista_linkova",
                    "edge" : "top"
                  },
                  "to" : {
                    "object" : "meni",
                    "edge" : "top"
                  },
                  "expectedDistance" : "43 to 47px",
                  "realDistance" : "46px"
                } ],
                "highlight" : [ "lista_linkova", "meni" ]
              }, {
                "status" : "info",
                "place" : {
                  "filePath" : "mobileRezervacija.gspec",
                  "lineNumber" : 35
                },
                "name" : "below logo",
                "meta" : [ {
                  "from" : {
                    "object" : "lista_linkova",
                    "edge" : "top"
                  },
                  "to" : {
                    "object" : "logo",
                    "edge" : "bottom"
                  },
                  "expectedDistance" : ">= 0px",
                  "realDistance" : "5px"
                } ],
                "highlight" : [ "lista_linkova", "logo" ]
              }, {
                "status" : "info",
                "place" : {
                  "filePath" : "mobileRezervacija.gspec",
                  "lineNumber" : 36
                },
                "name" : "width ~100% of meni/width",
                "meta" : [ {
                  "from" : {
                    "object" : "lista_linkova",
                    "edge" : "left"
                  },
                  "to" : {
                    "object" : "lista_linkova",
                    "edge" : "right"
                  },
                  "expectedDistance" : "98 to 102% [269 to 280px]",
                  "realDistance" : "99% [273px]"
                } ],
                "highlight" : [ "lista_linkova" ]
              } ]
            }, {
              "name" : "link-1",
              "specs" : [ {
                "status" : "info",
                "place" : {
                  "filePath" : "mobileRezervacija.gspec",
                  "lineNumber" : 41
                },
                "name" : "above link-2 8px",
                "meta" : [ {
                  "from" : {
                    "object" : "link-1",
                    "edge" : "bottom"
                  },
                  "to" : {
                    "object" : "link-2",
                    "edge" : "top"
                  },
                  "expectedDistance" : "8px",
                  "realDistance" : "8px"
                } ],
                "highlight" : [ "link-1", "link-2" ]
              }, {
                "status" : "info",
                "place" : {
                  "filePath" : "mobileRezervacija.gspec",
                  "lineNumber" : 42
                },
                "name" : "aligned vertically left link-2",
                "highlight" : [ "link-1", "link-2" ]
              }, {
                "status" : "info",
                "place" : {
                  "filePath" : "mobileRezervacija.gspec",
                  "lineNumber" : 43
                },
                "name" : "aligned vertically left lista_linkova 20px",
                "highlight" : [ "link-1", "lista_linkova" ]
              }, {
                "status" : "info",
                "place" : {
                  "filePath" : "mobileRezervacija.gspec",
                  "lineNumber" : 44
                },
                "name" : "height 17px",
                "meta" : [ {
                  "from" : {
                    "object" : "link-1",
                    "edge" : "top"
                  },
                  "to" : {
                    "object" : "link-1",
                    "edge" : "bottom"
                  },
                  "expectedDistance" : "17px",
                  "realDistance" : "17px"
                } ],
                "highlight" : [ "link-1" ]
              }, {
                "status" : "info",
                "place" : {
                  "filePath" : "mobileRezervacija.gspec",
                  "lineNumber" : 47
                },
                "name" : "width 55px",
                "meta" : [ {
                  "from" : {
                    "object" : "link-1",
                    "edge" : "left"
                  },
                  "to" : {
                    "object" : "link-1",
                    "edge" : "right"
                  },
                  "expectedDistance" : "55px",
                  "realDistance" : "55px"
                } ],
                "highlight" : [ "link-1" ]
              } ]
            }, {
              "name" : "link-2",
              "specs" : [ {
                "status" : "info",
                "place" : {
                  "filePath" : "mobileRezervacija.gspec",
                  "lineNumber" : 41
                },
                "name" : "above link-3 8px",
                "meta" : [ {
                  "from" : {
                    "object" : "link-2",
                    "edge" : "bottom"
                  },
                  "to" : {
                    "object" : "link-3",
                    "edge" : "top"
                  },
                  "expectedDistance" : "8px",
                  "realDistance" : "8px"
                } ],
                "highlight" : [ "link-2", "link-3" ]
              }, {
                "status" : "info",
                "place" : {
                  "filePath" : "mobileRezervacija.gspec",
                  "lineNumber" : 42
                },
                "name" : "aligned vertically left link-3",
                "highlight" : [ "link-2", "link-3" ]
              }, {
                "status" : "info",
                "place" : {
                  "filePath" : "mobileRezervacija.gspec",
                  "lineNumber" : 43
                },
                "name" : "aligned vertically left lista_linkova 20px",
                "highlight" : [ "link-2", "lista_linkova" ]
              }, {
                "status" : "info",
                "place" : {
                  "filePath" : "mobileRezervacija.gspec",
                  "lineNumber" : 44
                },
                "name" : "height 17px",
                "meta" : [ {
                  "from" : {
                    "object" : "link-2",
                    "edge" : "top"
                  },
                  "to" : {
                    "object" : "link-2",
                    "edge" : "bottom"
                  },
                  "expectedDistance" : "17px",
                  "realDistance" : "17px"
                } ],
                "highlight" : [ "link-2" ]
              }, {
                "status" : "info",
                "place" : {
                  "filePath" : "mobileRezervacija.gspec",
                  "lineNumber" : 50
                },
                "name" : "width 29px",
                "meta" : [ {
                  "from" : {
                    "object" : "link-2",
                    "edge" : "left"
                  },
                  "to" : {
                    "object" : "link-2",
                    "edge" : "right"
                  },
                  "expectedDistance" : "29px",
                  "realDistance" : "29px"
                } ],
                "highlight" : [ "link-2" ]
              } ]
            }, {
              "name" : "link-3",
              "specs" : [ {
                "status" : "info",
                "place" : {
                  "filePath" : "mobileRezervacija.gspec",
                  "lineNumber" : 41
                },
                "name" : "above link-4 8px",
                "meta" : [ {
                  "from" : {
                    "object" : "link-3",
                    "edge" : "bottom"
                  },
                  "to" : {
                    "object" : "link-4",
                    "edge" : "top"
                  },
                  "expectedDistance" : "8px",
                  "realDistance" : "8px"
                } ],
                "highlight" : [ "link-3", "link-4" ]
              }, {
                "status" : "info",
                "place" : {
                  "filePath" : "mobileRezervacija.gspec",
                  "lineNumber" : 42
                },
                "name" : "aligned vertically left link-4",
                "highlight" : [ "link-3", "link-4" ]
              }, {
                "status" : "info",
                "place" : {
                  "filePath" : "mobileRezervacija.gspec",
                  "lineNumber" : 43
                },
                "name" : "aligned vertically left lista_linkova 20px",
                "highlight" : [ "link-3", "lista_linkova" ]
              }, {
                "status" : "info",
                "place" : {
                  "filePath" : "mobileRezervacija.gspec",
                  "lineNumber" : 44
                },
                "name" : "height 17px",
                "meta" : [ {
                  "from" : {
                    "object" : "link-3",
                    "edge" : "top"
                  },
                  "to" : {
                    "object" : "link-3",
                    "edge" : "bottom"
                  },
                  "expectedDistance" : "17px",
                  "realDistance" : "17px"
                } ],
                "highlight" : [ "link-3" ]
              }, {
                "status" : "info",
                "place" : {
                  "filePath" : "mobileRezervacija.gspec",
                  "lineNumber" : 53
                },
                "name" : "width 36px",
                "meta" : [ {
                  "from" : {
                    "object" : "link-3",
                    "edge" : "left"
                  },
                  "to" : {
                    "object" : "link-3",
                    "edge" : "right"
                  },
                  "expectedDistance" : "36px",
                  "realDistance" : "36px"
                } ],
                "highlight" : [ "link-3" ]
              } ]
            }, {
              "name" : "link-4",
              "specs" : [ {
                "status" : "info",
                "place" : {
                  "filePath" : "mobileRezervacija.gspec",
                  "lineNumber" : 41
                },
                "name" : "above link-5 8px",
                "meta" : [ {
                  "from" : {
                    "object" : "link-4",
                    "edge" : "bottom"
                  },
                  "to" : {
                    "object" : "link-5",
                    "edge" : "top"
                  },
                  "expectedDistance" : "8px",
                  "realDistance" : "8px"
                } ],
                "highlight" : [ "link-4", "link-5" ]
              }, {
                "status" : "info",
                "place" : {
                  "filePath" : "mobileRezervacija.gspec",
                  "lineNumber" : 42
                },
                "name" : "aligned vertically left link-5",
                "highlight" : [ "link-4", "link-5" ]
              }, {
                "status" : "info",
                "place" : {
                  "filePath" : "mobileRezervacija.gspec",
                  "lineNumber" : 43
                },
                "name" : "aligned vertically left lista_linkova 20px",
                "highlight" : [ "link-4", "lista_linkova" ]
              }, {
                "status" : "info",
                "place" : {
                  "filePath" : "mobileRezervacija.gspec",
                  "lineNumber" : 44
                },
                "name" : "height 17px",
                "meta" : [ {
                  "from" : {
                    "object" : "link-4",
                    "edge" : "top"
                  },
                  "to" : {
                    "object" : "link-4",
                    "edge" : "bottom"
                  },
                  "expectedDistance" : "17px",
                  "realDistance" : "17px"
                } ],
                "highlight" : [ "link-4" ]
              }, {
                "status" : "info",
                "place" : {
                  "filePath" : "mobileRezervacija.gspec",
                  "lineNumber" : 56
                },
                "name" : "width 79px",
                "meta" : [ {
                  "from" : {
                    "object" : "link-4",
                    "edge" : "left"
                  },
                  "to" : {
                    "object" : "link-4",
                    "edge" : "right"
                  },
                  "expectedDistance" : "79px",
                  "realDistance" : "79px"
                } ],
                "highlight" : [ "link-4" ]
              } ]
            }, {
              "name" : "link-5",
              "specs" : [ {
                "status" : "info",
                "place" : {
                  "filePath" : "mobileRezervacija.gspec",
                  "lineNumber" : 59
                },
                "name" : "width ~45px",
                "meta" : [ {
                  "from" : {
                    "object" : "link-5",
                    "edge" : "left"
                  },
                  "to" : {
                    "object" : "link-5",
                    "edge" : "right"
                  },
                  "expectedDistance" : "43 to 47px",
                  "realDistance" : "45px"
                } ],
                "highlight" : [ "link-5" ]
              }, {
                "status" : "info",
                "place" : {
                  "filePath" : "mobileRezervacija.gspec",
                  "lineNumber" : 60
                },
                "name" : "height 17px",
                "meta" : [ {
                  "from" : {
                    "object" : "link-5",
                    "edge" : "top"
                  },
                  "to" : {
                    "object" : "link-5",
                    "edge" : "bottom"
                  },
                  "expectedDistance" : "17px",
                  "realDistance" : "17px"
                } ],
                "highlight" : [ "link-5" ]
              } ]
            } ]
          }, {
            "name" : "Main section",
            "place" : {
              "filePath" : "mobileRezervacija.gspec",
              "lineNumber" : 62
            },
            "objects" : [ {
              "name" : "sadrzaj",
              "specs" : [ {
                "status" : "info",
                "place" : {
                  "filePath" : "mobileRezervacija.gspec",
                  "lineNumber" : 64
                },
                "name" : "below meni",
                "meta" : [ {
                  "from" : {
                    "object" : "sadrzaj",
                    "edge" : "top"
                  },
                  "to" : {
                    "object" : "meni",
                    "edge" : "bottom"
                  },
                  "expectedDistance" : ">= 0px",
                  "realDistance" : "10px"
                } ],
                "highlight" : [ "sadrzaj", "meni" ]
              }, {
                "status" : "info",
                "place" : {
                  "filePath" : "mobileRezervacija.gspec",
                  "lineNumber" : 65
                },
                "name" : "width ~95 % of screen/width",
                "meta" : [ {
                  "from" : {
                    "object" : "sadrzaj",
                    "edge" : "left"
                  },
                  "to" : {
                    "object" : "sadrzaj",
                    "edge" : "right"
                  },
                  "expectedDistance" : "93 to 97% [270 to 282px]",
                  "realDistance" : "94% [275px]"
                } ],
                "highlight" : [ "sadrzaj" ]
              }, {
                "status" : "info",
                "place" : {
                  "filePath" : "mobileRezervacija.gspec",
                  "lineNumber" : 66
                },
                "name" : "contains forma-1,forma-2,kalendar",
                "highlight" : [ "sadrzaj", "forma-1", "forma-2", "kalendar" ]
              } ]
            }, {
              "name" : "forma-1",
              "specs" : [ {
                "status" : "info",
                "place" : {
                  "filePath" : "mobileRezervacija.gspec",
                  "lineNumber" : 69
                },
                "name" : "centered horizontally inside sadrzaj",
                "highlight" : [ "forma-1", "sadrzaj" ]
              }, {
                "status" : "info",
                "place" : {
                  "filePath" : "mobileRezervacija.gspec",
                  "lineNumber" : 70
                },
                "name" : "inside sadrzaj 21px top, 454px bottom",
                "meta" : [ {
                  "from" : {
                    "object" : "forma-1",
                    "edge" : "top"
                  },
                  "to" : {
                    "object" : "sadrzaj",
                    "edge" : "top"
                  },
                  "expectedDistance" : "21px",
                  "realDistance" : "21px"
                }, {
                  "from" : {
                    "object" : "forma-1",
                    "edge" : "bottom"
                  },
                  "to" : {
                    "object" : "sadrzaj",
                    "edge" : "bottom"
                  },
                  "expectedDistance" : "454px",
                  "realDistance" : "454px"
                } ],
                "highlight" : [ "forma-1", "sadrzaj" ]
              }, {
                "status" : "info",
                "place" : {
                  "filePath" : "mobileRezervacija.gspec",
                  "lineNumber" : 71
                },
                "name" : "contains label-1, label-2, label-3, label-4, select, input-1, input-2, input-3",
                "highlight" : [ "forma-1", "label-1", "label-2", "label-3", "label-4", "select", "input-1", "input-2", "input-3" ]
              } ]
            }, {
              "name" : "label-1",
              "specs" : [ {
                "status" : "info",
                "place" : {
                  "filePath" : "mobileRezervacija.gspec",
                  "lineNumber" : 74
                },
                "name" : "left-of select 10px",
                "meta" : [ {
                  "from" : {
                    "object" : "label-1",
                    "edge" : "right"
                  },
                  "to" : {
                    "object" : "select",
                    "edge" : "left"
                  },
                  "expectedDistance" : "10px",
                  "realDistance" : "10px"
                } ],
                "highlight" : [ "label-1", "select" ]
              }, {
                "status" : "info",
                "place" : {
                  "filePath" : "mobileRezervacija.gspec",
                  "lineNumber" : 75
                },
                "name" : "inside forma-1 5px top",
                "meta" : [ {
                  "from" : {
                    "object" : "label-1",
                    "edge" : "top"
                  },
                  "to" : {
                    "object" : "forma-1",
                    "edge" : "top"
                  },
                  "expectedDistance" : "5px",
                  "realDistance" : "5px"
                } ],
                "highlight" : [ "label-1", "forma-1" ]
              }, {
                "status" : "info",
                "place" : {
                  "filePath" : "mobileRezervacija.gspec",
                  "lineNumber" : 76
                },
                "name" : "aligned horizontally bottom label-2 27px",
                "highlight" : [ "label-1", "label-2" ]
              }, {
                "status" : "info",
                "place" : {
                  "filePath" : "mobileRezervacija.gspec",
                  "lineNumber" : 77
                },
                "name" : "width 60px",
                "meta" : [ {
                  "from" : {
                    "object" : "label-1",
                    "edge" : "left"
                  },
                  "to" : {
                    "object" : "label-1",
                    "edge" : "right"
                  },
                  "expectedDistance" : "60px",
                  "realDistance" : "60px"
                } ],
                "highlight" : [ "label-1" ]
              }, {
                "status" : "info",
                "place" : {
                  "filePath" : "mobileRezervacija.gspec",
                  "lineNumber" : 78
                },
                "name" : "height 17px",
                "meta" : [ {
                  "from" : {
                    "object" : "label-1",
                    "edge" : "top"
                  },
                  "to" : {
                    "object" : "label-1",
                    "edge" : "bottom"
                  },
                  "expectedDistance" : "17px",
                  "realDistance" : "17px"
                } ],
                "highlight" : [ "label-1" ]
              } ]
            }, {
              "name" : "label-2",
              "specs" : [ {
                "status" : "info",
                "place" : {
                  "filePath" : "mobileRezervacija.gspec",
                  "lineNumber" : 81
                },
                "name" : "right-of input-1 10px",
                "meta" : [ {
                  "from" : {
                    "object" : "label-2",
                    "edge" : "left"
                  },
                  "to" : {
                    "object" : "input-1",
                    "edge" : "right"
                  },
                  "expectedDistance" : "10px",
                  "realDistance" : "10px"
                } ],
                "highlight" : [ "label-2", "input-1" ]
              }, {
                "status" : "info",
                "place" : {
                  "filePath" : "mobileRezervacija.gspec",
                  "lineNumber" : 82
                },
                "name" : "aligned horizontally top label-1 27px",
                "highlight" : [ "label-2", "label-1" ]
              }, {
                "status" : "info",
                "place" : {
                  "filePath" : "mobileRezervacija.gspec",
                  "lineNumber" : 83
                },
                "name" : "aligned horizontally bottom label-3 98px",
                "highlight" : [ "label-2", "label-3" ]
              }, {
                "status" : "info",
                "place" : {
                  "filePath" : "mobileRezervacija.gspec",
                  "lineNumber" : 84
                },
                "name" : "width 160px",
                "meta" : [ {
                  "from" : {
                    "object" : "label-2",
                    "edge" : "left"
                  },
                  "to" : {
                    "object" : "label-2",
                    "edge" : "right"
                  },
                  "expectedDistance" : "160px",
                  "realDistance" : "160px"
                } ],
                "highlight" : [ "label-2" ]
              }, {
                "status" : "info",
                "place" : {
                  "filePath" : "mobileRezervacija.gspec",
                  "lineNumber" : 85
                },
                "name" : "height 17px",
                "meta" : [ {
                  "from" : {
                    "object" : "label-2",
                    "edge" : "top"
                  },
                  "to" : {
                    "object" : "label-2",
                    "edge" : "bottom"
                  },
                  "expectedDistance" : "17px",
                  "realDistance" : "17px"
                } ],
                "highlight" : [ "label-2" ]
              } ]
            }, {
              "name" : "label-3",
              "specs" : [ {
                "status" : "info",
                "place" : {
                  "filePath" : "mobileRezervacija.gspec",
                  "lineNumber" : 88
                },
                "name" : "left-of input-2 7px",
                "meta" : [ {
                  "from" : {
                    "object" : "label-3",
                    "edge" : "right"
                  },
                  "to" : {
                    "object" : "input-2",
                    "edge" : "left"
                  },
                  "expectedDistance" : "7px",
                  "realDistance" : "7px"
                } ],
                "highlight" : [ "label-3", "input-2" ]
              }, {
                "status" : "info",
                "place" : {
                  "filePath" : "mobileRezervacija.gspec",
                  "lineNumber" : 89
                },
                "name" : "aligned horizontally top label-4 28px",
                "highlight" : [ "label-3", "label-4" ]
              }, {
                "status" : "info",
                "place" : {
                  "filePath" : "mobileRezervacija.gspec",
                  "lineNumber" : 90
                },
                "name" : "aligned horizontally bottom label-2 31px",
                "highlight" : [ "label-3", "label-2" ]
              }, {
                "status" : "info",
                "place" : {
                  "filePath" : "mobileRezervacija.gspec",
                  "lineNumber" : 91
                },
                "name" : "width 60px",
                "meta" : [ {
                  "from" : {
                    "object" : "label-3",
                    "edge" : "left"
                  },
                  "to" : {
                    "object" : "label-3",
                    "edge" : "right"
                  },
                  "expectedDistance" : "60px",
                  "realDistance" : "60px"
                } ],
                "highlight" : [ "label-3" ]
              }, {
                "status" : "info",
                "place" : {
                  "filePath" : "mobileRezervacija.gspec",
                  "lineNumber" : 92
                },
                "name" : "height 17px",
                "meta" : [ {
                  "from" : {
                    "object" : "label-3",
                    "edge" : "top"
                  },
                  "to" : {
                    "object" : "label-3",
                    "edge" : "bottom"
                  },
                  "expectedDistance" : "17px",
                  "realDistance" : "17px"
                } ],
                "highlight" : [ "label-3" ]
              } ]
            }, {
              "name" : "label-4",
              "specs" : [ {
                "status" : "info",
                "place" : {
                  "filePath" : "mobileRezervacija.gspec",
                  "lineNumber" : 95
                },
                "name" : "left-of input-3 7px",
                "meta" : [ {
                  "from" : {
                    "object" : "label-4",
                    "edge" : "right"
                  },
                  "to" : {
                    "object" : "input-3",
                    "edge" : "left"
                  },
                  "expectedDistance" : "7px",
                  "realDistance" : "7px"
                } ],
                "highlight" : [ "label-4", "input-3" ]
              }, {
                "status" : "info",
                "place" : {
                  "filePath" : "mobileRezervacija.gspec",
                  "lineNumber" : 96
                },
                "name" : "inside forma-1 12px bottom",
                "meta" : [ {
                  "from" : {
                    "object" : "label-4",
                    "edge" : "bottom"
                  },
                  "to" : {
                    "object" : "forma-1",
                    "edge" : "bottom"
                  },
                  "expectedDistance" : "12px",
                  "realDistance" : "12px"
                } ],
                "highlight" : [ "label-4", "forma-1" ]
              }, {
                "status" : "info",
                "place" : {
                  "filePath" : "mobileRezervacija.gspec",
                  "lineNumber" : 97
                },
                "name" : "aligned horizontally top label-3 28px",
                "highlight" : [ "label-4", "label-3" ]
              }, {
                "status" : "info",
                "place" : {
                  "filePath" : "mobileRezervacija.gspec",
                  "lineNumber" : 98
                },
                "name" : "width 60px",
                "meta" : [ {
                  "from" : {
                    "object" : "label-4",
                    "edge" : "left"
                  },
                  "to" : {
                    "object" : "label-4",
                    "edge" : "right"
                  },
                  "expectedDistance" : "60px",
                  "realDistance" : "60px"
                } ],
                "highlight" : [ "label-4" ]
              }, {
                "status" : "info",
                "place" : {
                  "filePath" : "mobileRezervacija.gspec",
                  "lineNumber" : 99
                },
                "name" : "height 17px",
                "meta" : [ {
                  "from" : {
                    "object" : "label-4",
                    "edge" : "top"
                  },
                  "to" : {
                    "object" : "label-4",
                    "edge" : "bottom"
                  },
                  "expectedDistance" : "17px",
                  "realDistance" : "17px"
                } ],
                "highlight" : [ "label-4" ]
              } ]
            }, {
              "name" : "select",
              "specs" : [ {
                "status" : "info",
                "place" : {
                  "filePath" : "mobileRezervacija.gspec",
                  "lineNumber" : 102
                },
                "name" : "right-of label-1 10px",
                "meta" : [ {
                  "from" : {
                    "object" : "select",
                    "edge" : "left"
                  },
                  "to" : {
                    "object" : "label-1",
                    "edge" : "right"
                  },
                  "expectedDistance" : "10px",
                  "realDistance" : "10px"
                } ],
                "highlight" : [ "select", "label-1" ]
              }, {
                "status" : "info",
                "place" : {
                  "filePath" : "mobileRezervacija.gspec",
                  "lineNumber" : 103
                },
                "name" : "inside forma-1 5px top",
                "meta" : [ {
                  "from" : {
                    "object" : "select",
                    "edge" : "top"
                  },
                  "to" : {
                    "object" : "forma-1",
                    "edge" : "top"
                  },
                  "expectedDistance" : "5px",
                  "realDistance" : "5px"
                } ],
                "highlight" : [ "select", "forma-1" ]
              }, {
                "status" : "info",
                "place" : {
                  "filePath" : "mobileRezervacija.gspec",
                  "lineNumber" : 104
                },
                "name" : "aligned horizontally bottom input-1 27px",
                "highlight" : [ "select", "input-1" ]
              }, {
                "status" : "info",
                "place" : {
                  "filePath" : "mobileRezervacija.gspec",
                  "lineNumber" : 105
                },
                "name" : "width 180px",
                "meta" : [ {
                  "from" : {
                    "object" : "select",
                    "edge" : "left"
                  },
                  "to" : {
                    "object" : "select",
                    "edge" : "right"
                  },
                  "expectedDistance" : "180px",
                  "realDistance" : "180px"
                } ],
                "highlight" : [ "select" ]
              }, {
                "status" : "info",
                "place" : {
                  "filePath" : "mobileRezervacija.gspec",
                  "lineNumber" : 106
                },
                "name" : "height 20px",
                "meta" : [ {
                  "from" : {
                    "object" : "select",
                    "edge" : "top"
                  },
                  "to" : {
                    "object" : "select",
                    "edge" : "bottom"
                  },
                  "expectedDistance" : "20px",
                  "realDistance" : "20px"
                } ],
                "highlight" : [ "select" ]
              } ]
            }, {
              "name" : "input-1",
              "specs" : [ {
                "status" : "info",
                "place" : {
                  "filePath" : "mobileRezervacija.gspec",
                  "lineNumber" : 109
                },
                "name" : "left-of label-2 10px",
                "meta" : [ {
                  "from" : {
                    "object" : "input-1",
                    "edge" : "right"
                  },
                  "to" : {
                    "object" : "label-2",
                    "edge" : "left"
                  },
                  "expectedDistance" : "10px",
                  "realDistance" : "10px"
                } ],
                "highlight" : [ "input-1", "label-2" ]
              }, {
                "status" : "info",
                "place" : {
                  "filePath" : "mobileRezervacija.gspec",
                  "lineNumber" : 110
                },
                "name" : "aligned horizontally top select 30px",
                "highlight" : [ "input-1", "select" ]
              }, {
                "status" : "info",
                "place" : {
                  "filePath" : "mobileRezervacija.gspec",
                  "lineNumber" : 111
                },
                "name" : "aligned horizontally bottom input-2 98px",
                "highlight" : [ "input-1", "input-2" ]
              }, {
                "status" : "info",
                "place" : {
                  "filePath" : "mobileRezervacija.gspec",
                  "lineNumber" : 112
                },
                "name" : "width 13px",
                "meta" : [ {
                  "from" : {
                    "object" : "input-1",
                    "edge" : "left"
                  },
                  "to" : {
                    "object" : "input-1",
                    "edge" : "right"
                  },
                  "expectedDistance" : "13px",
                  "realDistance" : "13px"
                } ],
                "highlight" : [ "input-1" ]
              }, {
                "status" : "info",
                "place" : {
                  "filePath" : "mobileRezervacija.gspec",
                  "lineNumber" : 113
                },
                "name" : "height 13px",
                "meta" : [ {
                  "from" : {
                    "object" : "input-1",
                    "edge" : "top"
                  },
                  "to" : {
                    "object" : "input-1",
                    "edge" : "bottom"
                  },
                  "expectedDistance" : "13px",
                  "realDistance" : "13px"
                } ],
                "highlight" : [ "input-1" ]
              } ]
            }, {
              "name" : "input-2",
              "specs" : [ {
                "status" : "info",
                "place" : {
                  "filePath" : "mobileRezervacija.gspec",
                  "lineNumber" : 116
                },
                "name" : "right-of label-3 7px",
                "meta" : [ {
                  "from" : {
                    "object" : "input-2",
                    "edge" : "left"
                  },
                  "to" : {
                    "object" : "label-3",
                    "edge" : "right"
                  },
                  "expectedDistance" : "7px",
                  "realDistance" : "7px"
                } ],
                "highlight" : [ "input-2", "label-3" ]
              }, {
                "status" : "info",
                "place" : {
                  "filePath" : "mobileRezervacija.gspec",
                  "lineNumber" : 117
                },
                "name" : "aligned horizontally top input-1 28px",
                "highlight" : [ "input-2", "input-1" ]
              }, {
                "status" : "info",
                "place" : {
                  "filePath" : "mobileRezervacija.gspec",
                  "lineNumber" : 118
                },
                "name" : "aligned horizontally bottom input-3 32px",
                "highlight" : [ "input-2", "input-3" ]
              }, {
                "status" : "info",
                "place" : {
                  "filePath" : "mobileRezervacija.gspec",
                  "lineNumber" : 119
                },
                "name" : "width 186px",
                "meta" : [ {
                  "from" : {
                    "object" : "input-2",
                    "edge" : "left"
                  },
                  "to" : {
                    "object" : "input-2",
                    "edge" : "right"
                  },
                  "expectedDistance" : "186px",
                  "realDistance" : "186px"
                } ],
                "highlight" : [ "input-2" ]
              }, {
                "status" : "info",
                "place" : {
                  "filePath" : "mobileRezervacija.gspec",
                  "lineNumber" : 120
                },
                "name" : "height 22px",
                "meta" : [ {
                  "from" : {
                    "object" : "input-2",
                    "edge" : "top"
                  },
                  "to" : {
                    "object" : "input-2",
                    "edge" : "bottom"
                  },
                  "expectedDistance" : "22px",
                  "realDistance" : "22px"
                } ],
                "highlight" : [ "input-2" ]
              } ]
            }, {
              "name" : "input-3",
              "specs" : [ {
                "status" : "info",
                "place" : {
                  "filePath" : "mobileRezervacija.gspec",
                  "lineNumber" : 123
                },
                "name" : "right-of label-4 7px",
                "meta" : [ {
                  "from" : {
                    "object" : "input-3",
                    "edge" : "left"
                  },
                  "to" : {
                    "object" : "label-4",
                    "edge" : "right"
                  },
                  "expectedDistance" : "7px",
                  "realDistance" : "7px"
                } ],
                "highlight" : [ "input-3", "label-4" ]
              }, {
                "status" : "info",
                "place" : {
                  "filePath" : "mobileRezervacija.gspec",
                  "lineNumber" : 124
                },
                "name" : "inside forma-1 7px bottom",
                "meta" : [ {
                  "from" : {
                    "object" : "input-3",
                    "edge" : "bottom"
                  },
                  "to" : {
                    "object" : "forma-1",
                    "edge" : "bottom"
                  },
                  "expectedDistance" : "7px",
                  "realDistance" : "7px"
                } ],
                "highlight" : [ "input-3", "forma-1" ]
              }, {
                "status" : "info",
                "place" : {
                  "filePath" : "mobileRezervacija.gspec",
                  "lineNumber" : 125
                },
                "name" : "aligned horizontally top input-2 32px",
                "highlight" : [ "input-3", "input-2" ]
              }, {
                "status" : "info",
                "place" : {
                  "filePath" : "mobileRezervacija.gspec",
                  "lineNumber" : 126
                },
                "name" : "width 186px",
                "meta" : [ {
                  "from" : {
                    "object" : "input-3",
                    "edge" : "left"
                  },
                  "to" : {
                    "object" : "input-3",
                    "edge" : "right"
                  },
                  "expectedDistance" : "186px",
                  "realDistance" : "186px"
                } ],
                "highlight" : [ "input-3" ]
              }, {
                "status" : "info",
                "place" : {
                  "filePath" : "mobileRezervacija.gspec",
                  "lineNumber" : 127
                },
                "name" : "height 22px",
                "meta" : [ {
                  "from" : {
                    "object" : "input-3",
                    "edge" : "top"
                  },
                  "to" : {
                    "object" : "input-3",
                    "edge" : "bottom"
                  },
                  "expectedDistance" : "22px",
                  "realDistance" : "22px"
                } ],
                "highlight" : [ "input-3" ]
              } ]
            }, {
              "name" : "forma-2",
              "specs" : [ {
                "status" : "info",
                "place" : {
                  "filePath" : "mobileRezervacija.gspec",
                  "lineNumber" : 130
                },
                "name" : "centered horizontally inside sadrzaj",
                "highlight" : [ "forma-2", "sadrzaj" ]
              }, {
                "status" : "info",
                "place" : {
                  "filePath" : "mobileRezervacija.gspec",
                  "lineNumber" : 131
                },
                "name" : "inside sadrzaj 547px top, 15px bottom",
                "meta" : [ {
                  "from" : {
                    "object" : "forma-2",
                    "edge" : "top"
                  },
                  "to" : {
                    "object" : "sadrzaj",
                    "edge" : "top"
                  },
                  "expectedDistance" : "547px",
                  "realDistance" : "547px"
                }, {
                  "from" : {
                    "object" : "forma-2",
                    "edge" : "bottom"
                  },
                  "to" : {
                    "object" : "sadrzaj",
                    "edge" : "bottom"
                  },
                  "expectedDistance" : "15px",
                  "realDistance" : "15px"
                } ],
                "highlight" : [ "forma-2", "sadrzaj" ]
              }, {
                "status" : "info",
                "place" : {
                  "filePath" : "mobileRezervacija.gspec",
                  "lineNumber" : 132
                },
                "name" : "contains button-1, button-2",
                "highlight" : [ "forma-2", "button-1", "button-2" ]
              } ]
            }, {
              "name" : "button-1",
              "specs" : [ {
                "status" : "info",
                "place" : {
                  "filePath" : "mobileRezervacija.gspec",
                  "lineNumber" : 135
                },
                "name" : "left-of button-2 50px",
                "meta" : [ {
                  "from" : {
                    "object" : "button-1",
                    "edge" : "right"
                  },
                  "to" : {
                    "object" : "button-2",
                    "edge" : "left"
                  },
                  "expectedDistance" : "50px",
                  "realDistance" : "50px"
                } ],
                "highlight" : [ "button-1", "button-2" ]
              }, {
                "status" : "info",
                "place" : {
                  "filePath" : "mobileRezervacija.gspec",
                  "lineNumber" : 136
                },
                "name" : "inside forma-2 0px top, 5px bottom",
                "meta" : [ {
                  "from" : {
                    "object" : "button-1",
                    "edge" : "top"
                  },
                  "to" : {
                    "object" : "forma-2",
                    "edge" : "top"
                  },
                  "expectedDistance" : "0px",
                  "realDistance" : "0px"
                }, {
                  "from" : {
                    "object" : "button-1",
                    "edge" : "bottom"
                  },
                  "to" : {
                    "object" : "forma-2",
                    "edge" : "bottom"
                  },
                  "expectedDistance" : "5px",
                  "realDistance" : "5px"
                } ],
                "highlight" : [ "button-1", "forma-2" ]
              }, {
                "status" : "info",
                "place" : {
                  "filePath" : "mobileRezervacija.gspec",
                  "lineNumber" : 137
                },
                "name" : "width 100px",
                "meta" : [ {
                  "from" : {
                    "object" : "button-1",
                    "edge" : "left"
                  },
                  "to" : {
                    "object" : "button-1",
                    "edge" : "right"
                  },
                  "expectedDistance" : "100px",
                  "realDistance" : "100px"
                } ],
                "highlight" : [ "button-1" ]
              }, {
                "status" : "info",
                "place" : {
                  "filePath" : "mobileRezervacija.gspec",
                  "lineNumber" : 138
                },
                "name" : "height 28px",
                "meta" : [ {
                  "from" : {
                    "object" : "button-1",
                    "edge" : "top"
                  },
                  "to" : {
                    "object" : "button-1",
                    "edge" : "bottom"
                  },
                  "expectedDistance" : "28px",
                  "realDistance" : "28px"
                } ],
                "highlight" : [ "button-1" ]
              } ]
            }, {
              "name" : "button-2",
              "specs" : [ {
                "status" : "info",
                "place" : {
                  "filePath" : "mobileRezervacija.gspec",
                  "lineNumber" : 141
                },
                "name" : "right-of button-1 50px",
                "meta" : [ {
                  "from" : {
                    "object" : "button-2",
                    "edge" : "left"
                  },
                  "to" : {
                    "object" : "button-1",
                    "edge" : "right"
                  },
                  "expectedDistance" : "50px",
                  "realDistance" : "50px"
                } ],
                "highlight" : [ "button-2", "button-1" ]
              }, {
                "status" : "info",
                "place" : {
                  "filePath" : "mobileRezervacija.gspec",
                  "lineNumber" : 142
                },
                "name" : "inside forma-2 0px top, 5px bottom",
                "meta" : [ {
                  "from" : {
                    "object" : "button-2",
                    "edge" : "top"
                  },
                  "to" : {
                    "object" : "forma-2",
                    "edge" : "top"
                  },
                  "expectedDistance" : "0px",
                  "realDistance" : "0px"
                }, {
                  "from" : {
                    "object" : "button-2",
                    "edge" : "bottom"
                  },
                  "to" : {
                    "object" : "forma-2",
                    "edge" : "bottom"
                  },
                  "expectedDistance" : "5px",
                  "realDistance" : "5px"
                } ],
                "highlight" : [ "button-2", "forma-2" ]
              }, {
                "status" : "info",
                "place" : {
                  "filePath" : "mobileRezervacija.gspec",
                  "lineNumber" : 143
                },
                "name" : "width 100px",
                "meta" : [ {
                  "from" : {
                    "object" : "button-2",
                    "edge" : "left"
                  },
                  "to" : {
                    "object" : "button-2",
                    "edge" : "right"
                  },
                  "expectedDistance" : "100px",
                  "realDistance" : "100px"
                } ],
                "highlight" : [ "button-2" ]
              }, {
                "status" : "info",
                "place" : {
                  "filePath" : "mobileRezervacija.gspec",
                  "lineNumber" : 144
                },
                "name" : "height 28px",
                "meta" : [ {
                  "from" : {
                    "object" : "button-2",
                    "edge" : "top"
                  },
                  "to" : {
                    "object" : "button-2",
                    "edge" : "bottom"
                  },
                  "expectedDistance" : "28px",
                  "realDistance" : "28px"
                } ],
                "highlight" : [ "button-2" ]
              } ]
            }, {
              "name" : "kalendar",
              "specs" : [ {
                "status" : "info",
                "place" : {
                  "filePath" : "mobileRezervacija.gspec",
                  "lineNumber" : 147
                },
                "name" : "inside sadrzaj 200px top, 97px bottom, 67px right, 92px left",
                "meta" : [ {
                  "from" : {
                    "object" : "kalendar",
                    "edge" : "top"
                  },
                  "to" : {
                    "object" : "sadrzaj",
                    "edge" : "top"
                  },
                  "expectedDistance" : "200px",
                  "realDistance" : "200px"
                }, {
                  "from" : {
                    "object" : "kalendar",
                    "edge" : "bottom"
                  },
                  "to" : {
                    "object" : "sadrzaj",
                    "edge" : "bottom"
                  },
                  "expectedDistance" : "97px",
                  "realDistance" : "97px"
                }, {
                  "from" : {
                    "object" : "kalendar",
                    "edge" : "right"
                  },
                  "to" : {
                    "object" : "sadrzaj",
                    "edge" : "right"
                  },
                  "expectedDistance" : "67px",
                  "realDistance" : "67px"
                }, {
                  "from" : {
                    "object" : "kalendar",
                    "edge" : "left"
                  },
                  "to" : {
                    "object" : "sadrzaj",
                    "edge" : "left"
                  },
                  "expectedDistance" : "92px",
                  "realDistance" : "92px"
                } ],
                "highlight" : [ "kalendar", "sadrzaj" ]
              }, {
                "status" : "info",
                "place" : {
                  "filePath" : "mobileRezervacija.gspec",
                  "lineNumber" : 148
                },
                "name" : "width 116px",
                "meta" : [ {
                  "from" : {
                    "object" : "kalendar",
                    "edge" : "left"
                  },
                  "to" : {
                    "object" : "kalendar",
                    "edge" : "right"
                  },
                  "expectedDistance" : "116px",
                  "realDistance" : "116px"
                } ],
                "highlight" : [ "kalendar" ]
              }, {
                "status" : "info",
                "place" : {
                  "filePath" : "mobileRezervacija.gspec",
                  "lineNumber" : 149
                },
                "name" : "height 298px",
                "meta" : [ {
                  "from" : {
                    "object" : "kalendar",
                    "edge" : "top"
                  },
                  "to" : {
                    "object" : "kalendar",
                    "edge" : "bottom"
                  },
                  "expectedDistance" : "298px",
                  "realDistance" : "298px"
                } ],
                "highlight" : [ "kalendar" ]
              } ]
            } ]
          }, {
            "name" : "Main",
            "place" : {
              "filePath" : "mobileRezervacija.gspec",
              "lineNumber" : 150
            },
            "objects" : [ {
              "name" : "global",
              "specs" : [ {
                "status" : "info",
                "place" : {
                  "filePath" : "mobileRezervacija.gspec",
                  "lineNumber" : 152
                },
                "name" : "count any link-* is 5",
                "highlight" : [ "link-5", "link-3", "link-4", "link-1", "link-2" ]
              }, {
                "status" : "info",
                "place" : {
                  "filePath" : "mobileRezervacija.gspec",
                  "lineNumber" : 153
                },
                "name" : "count any label-* is 4",
                "highlight" : [ "label-4", "label-3", "label-2", "label-1" ]
              }, {
                "status" : "info",
                "place" : {
                  "filePath" : "mobileRezervacija.gspec",
                  "lineNumber" : 154
                },
                "name" : "count any input-* is 3",
                "highlight" : [ "input-3", "input-1", "input-2" ]
              }, {
                "status" : "info",
                "place" : {
                  "filePath" : "mobileRezervacija.gspec",
                  "lineNumber" : 155
                },
                "name" : "count any button-* is 2",
                "highlight" : [ "button-2", "button-1" ]
              }, {
                "status" : "info",
                "place" : {
                  "filePath" : "mobileRezervacija.gspec",
                  "lineNumber" : 156
                },
                "name" : "count any forma-* is 2",
                "highlight" : [ "forma-2", "forma-1" ]
              } ]
            } ]
          } ],
          "objects" : {
            "meni" : {
              "area" : [ 8, 40, 275, 177 ]
            },
            "label-4" : {
              "area" : [ 20, 339, 60, 17 ]
            },
            "slika" : {
              "area" : [ 105, 1, 79, 80 ]
            },
            "label-3" : {
              "area" : [ 20, 311, 60, 17 ]
            },
            "label-2" : {
              "area" : [ 110, 280, 160, 17 ]
            },
            "button-2" : {
              "area" : [ 170, 774, 100, 28 ]
            },
            "label-1" : {
              "area" : [ 20, 253, 60, 17 ]
            },
            "select" : {
              "area" : [ 90, 253, 180, 20 ]
            },
            "button-1" : {
              "area" : [ 20, 774, 100, 28 ]
            },
            "link-5" : {
              "area" : [ 29, 189, 45, 17 ]
            },
            "link-3" : {
              "area" : [ 29, 139, 36, 17 ]
            },
            "link-4" : {
              "area" : [ 29, 164, 79, 17 ]
            },
            "input-1" : {
              "area" : [ 87, 283, 13, 13 ]
            },
            "input-2" : {
              "area" : [ 87, 307, 186, 22 ]
            },
            "sadrzaj" : {
              "area" : [ 8, 227, 275, 595 ]
            },
            "input-3" : {
              "area" : [ 87, 339, 186, 22 ]
            },
            "lista_linkova" : {
              "area" : [ 9, 86, 273, 130 ]
            },
            "link-1" : {
              "area" : [ 29, 89, 55, 17 ]
            },
            "logo" : {
              "area" : [ 105, 1, 79, 80 ]
            },
            "link-2" : {
              "area" : [ 29, 114, 29, 17 ]
            },
            "forma-2" : {
              "area" : [ 20, 774, 250, 33 ]
            },
            "kalendar" : {
              "area" : [ 100, 427, 116, 298 ]
            },
            "forma-1" : {
              "area" : [ 10, 248, 270, 120 ]
            }
          },
          "screenshot" : "layout-1-screenshot.png",
          "type" : "layout"
        } ],
        "time" : 1573516933227,
        "type" : "node"
      } ],
      "time" : 1573516913198,
      "type" : "node"
    } ]
  }
}