{
  "testId" : "1-rezervacija.gspec",
  "name" : "rezervacija.gspec",
  "report" : {
    "nodes" : [ {
      "name" : "Simple check",
      "status" : "info",
      "nodes" : [ {
        "name" : "check  rezervacija.gspec --url http://localhost:8080/rezervacija.html --size 1024x768 --htmlreport izvjestajiRezervacija",
        "status" : "info",
        "nodes" : [ {
          "name" : "Check layout: rezervacija.gspec included tags: ",
          "status" : "info",
          "time" : 1573610137617,
          "sections" : [ {
            "name" : "Logo",
            "place" : {
              "filePath" : "rezervacija.gspec",
              "lineNumber" : 25
            },
            "objects" : [ {
              "name" : "logo",
              "specs" : [ {
                "status" : "info",
                "place" : {
                  "filePath" : "rezervacija.gspec",
                  "lineNumber" : 27
                },
                "name" : "aligned vertically centered logo",
                "highlight" : [ "logo", "logo" ]
              }, {
                "status" : "info",
                "place" : {
                  "filePath" : "rezervacija.gspec",
                  "lineNumber" : 28
                },
                "name" : "above meniLista",
                "meta" : [ {
                  "from" : {
                    "object" : "logo",
                    "edge" : "bottom"
                  },
                  "to" : {
                    "object" : "meniLista",
                    "edge" : "top"
                  },
                  "expectedDistance" : ">= 0px",
                  "realDistance" : "32px"
                } ],
                "highlight" : [ "logo", "meniLista" ]
              }, {
                "status" : "info",
                "place" : {
                  "filePath" : "rezervacija.gspec",
                  "lineNumber" : 29
                },
                "name" : "css position is \"absolute\"",
                "highlight" : [ "logo" ]
              }, {
                "status" : "info",
                "place" : {
                  "filePath" : "rezervacija.gspec",
                  "lineNumber" : 30
                },
                "name" : "css top is \"0px\"",
                "highlight" : [ "logo" ]
              } ]
            } ]
          }, {
            "name" : "Meni",
            "place" : {
              "filePath" : "rezervacija.gspec",
              "lineNumber" : 33
            },
            "objects" : [ {
              "name" : "meniLista",
              "specs" : [ {
                "status" : "info",
                "place" : {
                  "filePath" : "rezervacija.gspec",
                  "lineNumber" : 35
                },
                "name" : "inside meni 35px top",
                "meta" : [ {
                  "from" : {
                    "object" : "meniLista",
                    "edge" : "top"
                  },
                  "to" : {
                    "object" : "meni",
                    "edge" : "top"
                  },
                  "expectedDistance" : "35px",
                  "realDistance" : "35px"
                } ],
                "highlight" : [ "meniLista", "meni" ]
              }, {
                "status" : "info",
                "place" : {
                  "filePath" : "rezervacija.gspec",
                  "lineNumber" : 36
                },
                "name" : "aligned vertically centered meniLista",
                "highlight" : [ "meniLista", "meniLista" ]
              }, {
                "status" : "info",
                "place" : {
                  "filePath" : "rezervacija.gspec",
                  "lineNumber" : 37
                },
                "name" : "below logo",
                "meta" : [ {
                  "from" : {
                    "object" : "meniLista",
                    "edge" : "top"
                  },
                  "to" : {
                    "object" : "logo",
                    "edge" : "bottom"
                  },
                  "expectedDistance" : ">= 0px",
                  "realDistance" : "32px"
                } ],
                "highlight" : [ "meniLista", "logo" ]
              }, {
                "status" : "info",
                "place" : {
                  "filePath" : "rezervacija.gspec",
                  "lineNumber" : 38
                },
                "name" : "css display is \"inline-block\"",
                "highlight" : [ "meniLista" ]
              }, {
                "status" : "info",
                "place" : {
                  "filePath" : "rezervacija.gspec",
                  "lineNumber" : 39
                },
                "name" : "css position is \"relative\"",
                "highlight" : [ "meniLista" ]
              }, {
                "status" : "info",
                "place" : {
                  "filePath" : "rezervacija.gspec",
                  "lineNumber" : 40
                },
                "name" : "css text-align is \"center\"",
                "highlight" : [ "meniLista" ]
              }, {
                "status" : "info",
                "place" : {
                  "filePath" : "rezervacija.gspec",
                  "lineNumber" : 41
                },
                "name" : "css top is \"0px\"",
                "highlight" : [ "meniLista" ]
              } ]
            }, {
              "name" : "meni",
              "specs" : [ {
                "status" : "info",
                "place" : {
                  "filePath" : "rezervacija.gspec",
                  "lineNumber" : 44
                },
                "name" : "css background-color is \"rgb(65, 105, 225)\"",
                "highlight" : [ "meni" ]
              }, {
                "status" : "info",
                "place" : {
                  "filePath" : "rezervacija.gspec",
                  "lineNumber" : 45
                },
                "name" : "height 60px",
                "meta" : [ {
                  "from" : {
                    "object" : "meni",
                    "edge" : "top"
                  },
                  "to" : {
                    "object" : "meni",
                    "edge" : "bottom"
                  },
                  "expectedDistance" : "60px",
                  "realDistance" : "60px"
                } ],
                "highlight" : [ "meni" ]
              }, {
                "status" : "info",
                "place" : {
                  "filePath" : "rezervacija.gspec",
                  "lineNumber" : 46
                },
                "name" : "width 825px",
                "meta" : [ {
                  "from" : {
                    "object" : "meni",
                    "edge" : "left"
                  },
                  "to" : {
                    "object" : "meni",
                    "edge" : "right"
                  },
                  "expectedDistance" : "825px",
                  "realDistance" : "825px"
                } ],
                "highlight" : [ "meni" ]
              }, {
                "status" : "info",
                "place" : {
                  "filePath" : "rezervacija.gspec",
                  "lineNumber" : 47
                },
                "name" : "aligned vertically centered meni",
                "highlight" : [ "meni", "meni" ]
              }, {
                "status" : "info",
                "place" : {
                  "filePath" : "rezervacija.gspec",
                  "lineNumber" : 48
                },
                "name" : "css margin-left is \"85.9px\"",
                "highlight" : [ "meni" ]
              }, {
                "status" : "info",
                "place" : {
                  "filePath" : "rezervacija.gspec",
                  "lineNumber" : 49
                },
                "name" : "css margin-right is \"85.9px\"",
                "highlight" : [ "meni" ]
              }, {
                "status" : "info",
                "place" : {
                  "filePath" : "rezervacija.gspec",
                  "lineNumber" : 50
                },
                "name" : "css position is \"relative\"",
                "highlight" : [ "meni" ]
              }, {
                "status" : "info",
                "place" : {
                  "filePath" : "rezervacija.gspec",
                  "lineNumber" : 51
                },
                "name" : "css top is \"25px\"",
                "highlight" : [ "meni" ]
              } ]
            } ]
          }, {
            "name" : "Sadrzaj",
            "place" : {
              "filePath" : "rezervacija.gspec",
              "lineNumber" : 53
            },
            "objects" : [ {
              "name" : "sadrzaj",
              "specs" : [ {
                "status" : "info",
                "place" : {
                  "filePath" : "rezervacija.gspec",
                  "lineNumber" : 55
                },
                "name" : "aligned vertically centered sadrzaj",
                "highlight" : [ "sadrzaj", "sadrzaj" ]
              }, {
                "status" : "info",
                "place" : {
                  "filePath" : "rezervacija.gspec",
                  "lineNumber" : 56
                },
                "name" : "height 500px",
                "meta" : [ {
                  "from" : {
                    "object" : "sadrzaj",
                    "edge" : "top"
                  },
                  "to" : {
                    "object" : "sadrzaj",
                    "edge" : "bottom"
                  },
                  "expectedDistance" : "500px",
                  "realDistance" : "500px"
                } ],
                "highlight" : [ "sadrzaj" ]
              }, {
                "status" : "info",
                "place" : {
                  "filePath" : "rezervacija.gspec",
                  "lineNumber" : 57
                },
                "name" : "width 825px",
                "meta" : [ {
                  "from" : {
                    "object" : "sadrzaj",
                    "edge" : "left"
                  },
                  "to" : {
                    "object" : "sadrzaj",
                    "edge" : "right"
                  },
                  "expectedDistance" : "825px",
                  "realDistance" : "825px"
                } ],
                "highlight" : [ "sadrzaj" ]
              }, {
                "status" : "info",
                "place" : {
                  "filePath" : "rezervacija.gspec",
                  "lineNumber" : 58
                },
                "name" : "css background-color is \"rgb(65, 105, 225)\"",
                "highlight" : [ "sadrzaj" ]
              }, {
                "status" : "info",
                "place" : {
                  "filePath" : "rezervacija.gspec",
                  "lineNumber" : 59
                },
                "name" : "css border-collapse is \"separate\"",
                "highlight" : [ "sadrzaj" ]
              }, {
                "status" : "info",
                "place" : {
                  "filePath" : "rezervacija.gspec",
                  "lineNumber" : 60
                },
                "name" : "css text-align is \"center\"",
                "highlight" : [ "sadrzaj" ]
              }, {
                "status" : "info",
                "place" : {
                  "filePath" : "rezervacija.gspec",
                  "lineNumber" : 61
                },
                "name" : "css position is \"relative\"",
                "highlight" : [ "sadrzaj" ]
              }, {
                "status" : "info",
                "place" : {
                  "filePath" : "rezervacija.gspec",
                  "lineNumber" : 62
                },
                "name" : "css margin-top is \"30px\"",
                "highlight" : [ "sadrzaj" ]
              }, {
                "status" : "info",
                "place" : {
                  "filePath" : "rezervacija.gspec",
                  "lineNumber" : 63
                },
                "name" : "css top is \"0px\"",
                "highlight" : [ "sadrzaj" ]
              }, {
                "status" : "info",
                "place" : {
                  "filePath" : "rezervacija.gspec",
                  "lineNumber" : 64
                },
                "name" : "css margin-left is \"85.9px\"",
                "highlight" : [ "sadrzaj" ]
              }, {
                "status" : "info",
                "place" : {
                  "filePath" : "rezervacija.gspec",
                  "lineNumber" : 65
                },
                "name" : "css margin-right is \"85.9px\"",
                "highlight" : [ "sadrzaj" ]
              } ]
            }, {
              "name" : "dugmeS",
              "specs" : [ {
                "status" : "info",
                "place" : {
                  "filePath" : "rezervacija.gspec",
                  "lineNumber" : 67
                },
                "name" : "inside sadrzaj",
                "meta" : [ ],
                "highlight" : [ "dugmeS", "sadrzaj" ]
              }, {
                "status" : "info",
                "place" : {
                  "filePath" : "rezervacija.gspec",
                  "lineNumber" : 68
                },
                "name" : "css background-color is \"rgb(127, 179, 247)\"",
                "highlight" : [ "dugmeS" ]
              }, {
                "status" : "info",
                "place" : {
                  "filePath" : "rezervacija.gspec",
                  "lineNumber" : 69
                },
                "name" : "css color is \"rgb(0, 0, 0)\"",
                "highlight" : [ "dugmeS" ]
              } ]
            }, {
              "name" : "dugmeP",
              "specs" : [ {
                "status" : "info",
                "place" : {
                  "filePath" : "rezervacija.gspec",
                  "lineNumber" : 71
                },
                "name" : "inside sadrzaj",
                "meta" : [ ],
                "highlight" : [ "dugmeP", "sadrzaj" ]
              }, {
                "status" : "info",
                "place" : {
                  "filePath" : "rezervacija.gspec",
                  "lineNumber" : 72
                },
                "name" : "css background-color is \"rgb(127, 179, 247)\"",
                "highlight" : [ "dugmeP" ]
              }, {
                "status" : "info",
                "place" : {
                  "filePath" : "rezervacija.gspec",
                  "lineNumber" : 73
                },
                "name" : "css color is \"rgb(0, 0, 0)\"",
                "highlight" : [ "dugmeP" ]
              } ]
            }, {
              "name" : "dani",
              "specs" : [ {
                "status" : "info",
                "place" : {
                  "filePath" : "rezervacija.gspec",
                  "lineNumber" : 75
                },
                "name" : "inside tabela1",
                "meta" : [ ],
                "highlight" : [ "dani", "tabela1" ]
              }, {
                "status" : "info",
                "place" : {
                  "filePath" : "rezervacija.gspec",
                  "lineNumber" : 76
                },
                "name" : "inside sadrzaj",
                "meta" : [ ],
                "highlight" : [ "dani", "sadrzaj" ]
              }, {
                "status" : "info",
                "place" : {
                  "filePath" : "rezervacija.gspec",
                  "lineNumber" : 77
                },
                "name" : "aligned vertically centered dani",
                "highlight" : [ "dani", "dani" ]
              }, {
                "status" : "info",
                "place" : {
                  "filePath" : "rezervacija.gspec",
                  "lineNumber" : 78
                },
                "name" : "css text-align is \"center\"",
                "highlight" : [ "dani" ]
              }, {
                "status" : "info",
                "place" : {
                  "filePath" : "rezervacija.gspec",
                  "lineNumber" : 79
                },
                "name" : "css margin-right is \"5px\"",
                "highlight" : [ "dani" ]
              } ]
            }, {
              "name" : "prazan",
              "specs" : [ {
                "status" : "info",
                "place" : {
                  "filePath" : "rezervacija.gspec",
                  "lineNumber" : 81
                },
                "name" : "inside tabela1",
                "meta" : [ ],
                "highlight" : [ "prazan", "tabela1" ]
              }, {
                "status" : "info",
                "place" : {
                  "filePath" : "rezervacija.gspec",
                  "lineNumber" : 82
                },
                "name" : "inside sadrzaj",
                "meta" : [ ],
                "highlight" : [ "prazan", "sadrzaj" ]
              }, {
                "status" : "info",
                "place" : {
                  "filePath" : "rezervacija.gspec",
                  "lineNumber" : 83
                },
                "name" : "aligned vertically centered prazan",
                "highlight" : [ "prazan", "prazan" ]
              } ]
            }, {
              "name" : "mjesec",
              "specs" : [ {
                "status" : "info",
                "place" : {
                  "filePath" : "rezervacija.gspec",
                  "lineNumber" : 85
                },
                "name" : "inside tabela1",
                "meta" : [ ],
                "highlight" : [ "mjesec", "tabela1" ]
              }, {
                "status" : "info",
                "place" : {
                  "filePath" : "rezervacija.gspec",
                  "lineNumber" : 86
                },
                "name" : "inside sadrzaj",
                "meta" : [ ],
                "highlight" : [ "mjesec", "sadrzaj" ]
              }, {
                "status" : "info",
                "place" : {
                  "filePath" : "rezervacija.gspec",
                  "lineNumber" : 87
                },
                "name" : "aligned vertically left mjesec",
                "highlight" : [ "mjesec", "mjesec" ]
              }, {
                "status" : "info",
                "place" : {
                  "filePath" : "rezervacija.gspec",
                  "lineNumber" : 88
                },
                "name" : "css text-align is \"left\"",
                "highlight" : [ "mjesec" ]
              } ]
            }, {
              "name" : "slobodna",
              "specs" : [ {
                "status" : "info",
                "place" : {
                  "filePath" : "rezervacija.gspec",
                  "lineNumber" : 90
                },
                "name" : "inside tabela1",
                "meta" : [ ],
                "highlight" : [ "slobodna", "tabela1" ]
              }, {
                "status" : "info",
                "place" : {
                  "filePath" : "rezervacija.gspec",
                  "lineNumber" : 91
                },
                "name" : "inside sadrzaj",
                "meta" : [ ],
                "highlight" : [ "slobodna", "sadrzaj" ]
              }, {
                "status" : "info",
                "place" : {
                  "filePath" : "rezervacija.gspec",
                  "lineNumber" : 92
                },
                "name" : "inside tabela2",
                "meta" : [ ],
                "highlight" : [ "slobodna", "tabela2" ]
              }, {
                "status" : "info",
                "place" : {
                  "filePath" : "rezervacija.gspec",
                  "lineNumber" : 93
                },
                "name" : "aligned vertically centered slobodna",
                "highlight" : [ "slobodna", "slobodna" ]
              }, {
                "status" : "info",
                "place" : {
                  "filePath" : "rezervacija.gspec",
                  "lineNumber" : 94
                },
                "name" : "css background-color is \"rgb(0, 255, 76)\"",
                "highlight" : [ "slobodna" ]
              } ]
            }, {
              "name" : "zauzeta",
              "specs" : [ {
                "status" : "info",
                "place" : {
                  "filePath" : "rezervacija.gspec",
                  "lineNumber" : 96
                },
                "name" : "inside tabela1",
                "meta" : [ ],
                "highlight" : [ "zauzeta", "tabela1" ]
              }, {
                "status" : "info",
                "place" : {
                  "filePath" : "rezervacija.gspec",
                  "lineNumber" : 97
                },
                "name" : "inside sadrzaj",
                "meta" : [ ],
                "highlight" : [ "zauzeta", "sadrzaj" ]
              }, {
                "status" : "info",
                "place" : {
                  "filePath" : "rezervacija.gspec",
                  "lineNumber" : 98
                },
                "name" : "aligned vertically centered zauzeta",
                "highlight" : [ "zauzeta", "zauzeta" ]
              }, {
                "status" : "info",
                "place" : {
                  "filePath" : "rezervacija.gspec",
                  "lineNumber" : 99
                },
                "name" : "css background-color is \"rgb(219, 20, 60)\"",
                "highlight" : [ "zauzeta" ]
              } ]
            }, {
              "name" : "tabela2",
              "specs" : [ {
                "status" : "info",
                "place" : {
                  "filePath" : "rezervacija.gspec",
                  "lineNumber" : 101
                },
                "name" : "inside tabela1",
                "meta" : [ ],
                "highlight" : [ "tabela2", "tabela1" ]
              }, {
                "status" : "info",
                "place" : {
                  "filePath" : "rezervacija.gspec",
                  "lineNumber" : 102
                },
                "name" : "inside sadrzaj",
                "meta" : [ ],
                "highlight" : [ "tabela2", "sadrzaj" ]
              }, {
                "status" : "info",
                "place" : {
                  "filePath" : "rezervacija.gspec",
                  "lineNumber" : 103
                },
                "name" : "aligned vertically centered tabela2",
                "highlight" : [ "tabela2", "tabela2" ]
              }, {
                "status" : "info",
                "place" : {
                  "filePath" : "rezervacija.gspec",
                  "lineNumber" : 104
                },
                "name" : "css border-collapse is \"collapse\"",
                "highlight" : [ "tabela2" ]
              }, {
                "status" : "info",
                "place" : {
                  "filePath" : "rezervacija.gspec",
                  "lineNumber" : 105
                },
                "name" : "css background-color is \"rgb(106, 164, 240)\"",
                "highlight" : [ "tabela2" ]
              } ]
            }, {
              "name" : "pocetak",
              "specs" : [ {
                "status" : "info",
                "place" : {
                  "filePath" : "rezervacija.gspec",
                  "lineNumber" : 107
                },
                "name" : "inside sadrzaj",
                "meta" : [ ],
                "highlight" : [ "pocetak", "sadrzaj" ]
              }, {
                "status" : "info",
                "place" : {
                  "filePath" : "rezervacija.gspec",
                  "lineNumber" : 108
                },
                "name" : "aligned vertically centered pocetak",
                "highlight" : [ "pocetak", "pocetak" ]
              }, {
                "status" : "info",
                "place" : {
                  "filePath" : "rezervacija.gspec",
                  "lineNumber" : 109
                },
                "name" : "css margin-top is \"11px\"",
                "highlight" : [ "pocetak" ]
              } ]
            }, {
              "name" : "kraj",
              "specs" : [ {
                "status" : "info",
                "place" : {
                  "filePath" : "rezervacija.gspec",
                  "lineNumber" : 111
                },
                "name" : "inside sadrzaj",
                "meta" : [ ],
                "highlight" : [ "kraj", "sadrzaj" ]
              }, {
                "status" : "info",
                "place" : {
                  "filePath" : "rezervacija.gspec",
                  "lineNumber" : 112
                },
                "name" : "aligned vertically centered kraj",
                "highlight" : [ "kraj", "kraj" ]
              }, {
                "status" : "info",
                "place" : {
                  "filePath" : "rezervacija.gspec",
                  "lineNumber" : 113
                },
                "name" : "css margin-top is \"11px\"",
                "highlight" : [ "kraj" ]
              } ]
            }, {
              "name" : "periodicna",
              "specs" : [ {
                "status" : "info",
                "place" : {
                  "filePath" : "rezervacija.gspec",
                  "lineNumber" : 115
                },
                "name" : "inside sadrzaj",
                "meta" : [ ],
                "highlight" : [ "periodicna", "sadrzaj" ]
              }, {
                "status" : "info",
                "place" : {
                  "filePath" : "rezervacija.gspec",
                  "lineNumber" : 116
                },
                "name" : "aligned vertically centered periodicna",
                "highlight" : [ "periodicna", "periodicna" ]
              } ]
            }, {
              "name" : "poc",
              "specs" : [ {
                "status" : "info",
                "place" : {
                  "filePath" : "rezervacija.gspec",
                  "lineNumber" : 118
                },
                "name" : "inside sadrzaj",
                "meta" : [ ],
                "highlight" : [ "poc", "sadrzaj" ]
              }, {
                "status" : "info",
                "place" : {
                  "filePath" : "rezervacija.gspec",
                  "lineNumber" : 119
                },
                "name" : "aligned vertically centered poc",
                "highlight" : [ "poc", "poc" ]
              } ]
            }, {
              "name" : "kr",
              "specs" : [ {
                "status" : "info",
                "place" : {
                  "filePath" : "rezervacija.gspec",
                  "lineNumber" : 121
                },
                "name" : "inside sadrzaj",
                "meta" : [ ],
                "highlight" : [ "kr", "sadrzaj" ]
              }, {
                "status" : "info",
                "place" : {
                  "filePath" : "rezervacija.gspec",
                  "lineNumber" : 122
                },
                "name" : "aligned vertically centered kr",
                "highlight" : [ "kr", "kr" ]
              } ]
            }, {
              "name" : "lista",
              "specs" : [ {
                "status" : "info",
                "place" : {
                  "filePath" : "rezervacija.gspec",
                  "lineNumber" : 124
                },
                "name" : "inside sadrzaj",
                "meta" : [ ],
                "highlight" : [ "lista", "sadrzaj" ]
              }, {
                "status" : "info",
                "place" : {
                  "filePath" : "rezervacija.gspec",
                  "lineNumber" : 125
                },
                "name" : "aligned vertically centered lista",
                "highlight" : [ "lista", "lista" ]
              } ]
            }, {
              "name" : "zaManjiEkran",
              "specs" : [ {
                "status" : "info",
                "place" : {
                  "filePath" : "rezervacija.gspec",
                  "lineNumber" : 127
                },
                "name" : "inside tabela1",
                "meta" : [ ],
                "highlight" : [ "zaManjiEkran", "tabela1" ]
              }, {
                "status" : "info",
                "place" : {
                  "filePath" : "rezervacija.gspec",
                  "lineNumber" : 128
                },
                "name" : "inside sadrzaj",
                "meta" : [ ],
                "highlight" : [ "zaManjiEkran", "sadrzaj" ]
              }, {
                "status" : "info",
                "place" : {
                  "filePath" : "rezervacija.gspec",
                  "lineNumber" : 129
                },
                "name" : "aligned vertically centered zaManjiEkran",
                "highlight" : [ "zaManjiEkran", "zaManjiEkran" ]
              } ]
            }, {
              "name" : "tabela2Td",
              "specs" : [ {
                "status" : "info",
                "place" : {
                  "filePath" : "rezervacija.gspec",
                  "lineNumber" : 131
                },
                "name" : "width 39px",
                "meta" : [ {
                  "from" : {
                    "object" : "tabela2Td",
                    "edge" : "left"
                  },
                  "to" : {
                    "object" : "tabela2Td",
                    "edge" : "right"
                  },
                  "expectedDistance" : "39px",
                  "realDistance" : "39px"
                } ],
                "highlight" : [ "tabela2Td" ]
              }, {
                "status" : "info",
                "place" : {
                  "filePath" : "rezervacija.gspec",
                  "lineNumber" : 132
                },
                "name" : "height 22px",
                "meta" : [ {
                  "from" : {
                    "object" : "tabela2Td",
                    "edge" : "top"
                  },
                  "to" : {
                    "object" : "tabela2Td",
                    "edge" : "bottom"
                  },
                  "expectedDistance" : "22px",
                  "realDistance" : "22px"
                } ],
                "highlight" : [ "tabela2Td" ]
              }, {
                "status" : "info",
                "place" : {
                  "filePath" : "rezervacija.gspec",
                  "lineNumber" : 133
                },
                "name" : "css text-align is \"center\"",
                "highlight" : [ "tabela2Td" ]
              } ]
            }, {
              "name" : "tabela1Td",
              "specs" : [ {
                "status" : "info",
                "place" : {
                  "filePath" : "rezervacija.gspec",
                  "lineNumber" : 135
                },
                "name" : "css margin-right is \"0px\"",
                "highlight" : [ "tabela1Td" ]
              } ]
            }, {
              "name" : "tabela1",
              "specs" : [ {
                "status" : "info",
                "place" : {
                  "filePath" : "rezervacija.gspec",
                  "lineNumber" : 137
                },
                "name" : "css background-color is \"rgb(106, 164, 240)\"",
                "highlight" : [ "tabela1" ]
              } ]
            } ]
          } ],
          "objects" : {
            "meni" : {
              "area" : [ 93, 41, 825, 60 ]
            },
            "dugmeS" : {
              "area" : [ 591, 568, 74, 20 ]
            },
            "tabela2" : {
              "area" : [ 535, 318, 41, 39 ]
            },
            "lista" : {
              "area" : [ 93, 106, 825, 58 ]
            },
            "tabela1" : {
              "area" : [ 336, 252, 340, 308 ]
            },
            "kraj" : {
              "area" : [ 473, 226, 102, 20 ]
            },
            "meniLista" : {
              "area" : [ 133, 76, 117, 18 ]
            },
            "poc" : {
              "area" : [ 423, 193, 63, 17 ]
            },
            "dugmeP" : {
              "area" : [ 346, 568, 76, 20 ]
            },
            "kr" : {
              "area" : [ 436, 225, 36, 17 ]
            },
            "mjesec" : {
              "area" : [ 342, 262, 281, 20 ]
            },
            "sadrzaj" : {
              "area" : [ 93, 106, 825, 500 ]
            },
            "zauzeta" : {
              "area" : [ 391, 391, 39, 14 ]
            },
            "zaManjiEkran" : {
              "area" : [ 343, 367, 41, 39 ]
            },
            "tabela2Td" : {
              "area" : [ 537, 320, 39, 22 ]
            },
            "tabela1Td" : {
              "area" : [ 342, 258, 43, 2 ]
            },
            "dani" : {
              "area" : [ 342, 285, 43, 25 ]
            },
            "logo" : {
              "area" : [ 489, 14, 123, 30 ]
            },
            "prazan" : {
              "area" : [ 342, 312, 43, 46 ]
            },
            "pocetak" : {
              "area" : [ 486, 194, 102, 20 ]
            },
            "slobodna" : {
              "area" : [ 537, 342, 39, 14 ]
            },
            "periodicna" : {
              "area" : [ 414, 167, 12, 12 ]
            }
          },
          "screenshot" : "layout-1-screenshot.png",
          "type" : "layout"
        } ],
        "time" : 1573610130124,
        "type" : "node"
      } ],
      "time" : 1573610123986,
      "type" : "node"
    } ]
  }
}