{
  "testId" : "1-mobilesale.gspec",
  "name" : "mobilesale.gspec",
  "report" : {
    "nodes" : [ {
      "name" : "Mutation test",
      "status" : "info",
      "nodes" : [ {
        "name" : "check  mobilesale.gspec --url file:///Users/vedad/fax/wt/wt1917336/sale.html --size 600x600 --offset 5 --htmlreport mutation-report",
        "status" : "info",
        "nodes" : [ {
          "name" : "Check layout: mobilesale.gspec included tags: ",
          "status" : "info",
          "time" : 1573653600552,
          "sections" : [ {
            "name" : "Sadrzaj",
            "place" : {
              "filePath" : "mobilesale.gspec",
              "lineNumber" : 6
            },
            "objects" : [ {
              "name" : "tabela",
              "specs" : [ {
                "status" : "info",
                "place" : {
                  "filePath" : "mobilesale.gspec",
                  "lineNumber" : 8
                },
                "name" : "centered horizontally inside tabelaKontejner",
                "highlight" : [ "tabela", "tabelaKontejner" ]
              } ]
            } ]
          } ],
          "objects" : {
            "tabela" : {
              "area" : [ 185, 184, 232, 375 ]
            },
            "tabelaKontejner" : {
              "area" : [ 185, 174, 232, 385 ]
            }
          },
          "screenshot" : "layout-1-screenshot.png",
          "type" : "layout"
        }, {
          "name" : "Mutation testing: mobilesale.gspec included tags: ",
          "status" : "error",
          "time" : 1573653600552,
          "mutationReport" : {
            "objectMutationStatistics" : {
              "tabela" : {
                "passed" : 5,
                "failed" : 5,
                "failedMutations" : [ "tabela: drag top by 5px", "tabela: drag down by 5px", "tabela: increase height by 5px", "tabela: decrease height by 5px", "tabela: move top edge down by 5px" ]
              },
              "tabelaKontejner" : {
                "passed" : 5,
                "failed" : 5,
                "failedMutations" : [ "tabelaKontejner: drag top by 5px", "tabelaKontejner: drag down by 5px", "tabelaKontejner: increase height by 5px", "tabelaKontejner: decrease height by 5px", "tabelaKontejner: move top edge down by 5px" ]
              }
            },
            "totalPassed" : 10,
            "totalFailed" : 10,
            "totalMutations" : 20,
            "failedRatio" : 50.0
          },
          "type" : "mutation"
        } ],
        "time" : 1573653598848,
        "type" : "node"
      } ],
      "time" : 1573653597137,
      "type" : "node"
    } ]
  }
}