{
  "testId" : "1-mobilepocetna.gspec",
  "name" : "mobilepocetna.gspec",
  "report" : {
    "nodes" : [ {
      "name" : "Mutation test",
      "status" : "info",
      "nodes" : [ {
        "name" : "check  mobilepocetna.gspec --url file:///Users/vedad/fax/wt/wt1917336/pocetna.html --size 600x600 --offset 5 --htmlreport mutation-report",
        "status" : "info",
        "nodes" : [ {
          "name" : "Check layout: mobilepocetna.gspec included tags: ",
          "status" : "info",
          "time" : 1573653573640,
          "sections" : [ {
            "name" : "Meni",
            "place" : {
              "filePath" : "mobilepocetna.gspec",
              "lineNumber" : 8
            },
            "objects" : [ {
              "name" : "logo",
              "specs" : [ {
                "status" : "info",
                "place" : {
                  "filePath" : "mobilepocetna.gspec",
                  "lineNumber" : 10
                },
                "name" : "above meni-lista -50 to -20 px",
                "meta" : [ {
                  "from" : {
                    "object" : "logo",
                    "edge" : "bottom"
                  },
                  "to" : {
                    "object" : "meni-lista",
                    "edge" : "top"
                  },
                  "expectedDistance" : "-50 to -20px",
                  "realDistance" : "-34px"
                } ],
                "highlight" : [ "logo", "meni-lista" ]
              }, {
                "status" : "info",
                "place" : {
                  "filePath" : "mobilepocetna.gspec",
                  "lineNumber" : 11
                },
                "name" : "width 95 to 100 % of meni/width",
                "meta" : [ {
                  "from" : {
                    "object" : "logo",
                    "edge" : "left"
                  },
                  "to" : {
                    "object" : "logo",
                    "edge" : "right"
                  },
                  "expectedDistance" : "95 to 100% [571 to 602px]",
                  "realDistance" : "99% [600px]"
                } ],
                "highlight" : [ "logo" ]
              } ]
            }, {
              "name" : "meni-lista",
              "specs" : [ {
                "status" : "info",
                "place" : {
                  "filePath" : "mobilepocetna.gspec",
                  "lineNumber" : 13
                },
                "name" : "aligned vertically centered meni-stavka 20px",
                "highlight" : [ "meni-lista", "meni-stavka" ]
              } ]
            } ]
          }, {
            "name" : "Galerija",
            "place" : {
              "filePath" : "mobilepocetna.gspec",
              "lineNumber" : 15
            },
            "objects" : [ {
              "name" : "slika-2",
              "specs" : [ {
                "status" : "info",
                "place" : {
                  "filePath" : "mobilepocetna.gspec",
                  "lineNumber" : 18
                },
                "name" : "below slika-1 -1 to 1px",
                "meta" : [ {
                  "from" : {
                    "object" : "slika-2",
                    "edge" : "top"
                  },
                  "to" : {
                    "object" : "slika-1",
                    "edge" : "bottom"
                  },
                  "expectedDistance" : "-1 to 1px",
                  "realDistance" : "0px"
                } ],
                "highlight" : [ "slika-2", "slika-1" ]
              }, {
                "status" : "info",
                "place" : {
                  "filePath" : "mobilepocetna.gspec",
                  "lineNumber" : 19
                },
                "name" : "width 150px",
                "meta" : [ {
                  "from" : {
                    "object" : "slika-2",
                    "edge" : "left"
                  },
                  "to" : {
                    "object" : "slika-2",
                    "edge" : "right"
                  },
                  "expectedDistance" : "150px",
                  "realDistance" : "150px"
                } ],
                "highlight" : [ "slika-2" ]
              } ]
            }, {
              "name" : "slika-3",
              "specs" : [ {
                "status" : "info",
                "place" : {
                  "filePath" : "mobilepocetna.gspec",
                  "lineNumber" : 18
                },
                "name" : "below slika-2 -1 to 1px",
                "meta" : [ {
                  "from" : {
                    "object" : "slika-3",
                    "edge" : "top"
                  },
                  "to" : {
                    "object" : "slika-2",
                    "edge" : "bottom"
                  },
                  "expectedDistance" : "-1 to 1px",
                  "realDistance" : "-1px"
                } ],
                "highlight" : [ "slika-3", "slika-2" ]
              }, {
                "status" : "info",
                "place" : {
                  "filePath" : "mobilepocetna.gspec",
                  "lineNumber" : 19
                },
                "name" : "width 150px",
                "meta" : [ {
                  "from" : {
                    "object" : "slika-3",
                    "edge" : "left"
                  },
                  "to" : {
                    "object" : "slika-3",
                    "edge" : "right"
                  },
                  "expectedDistance" : "150px",
                  "realDistance" : "150px"
                } ],
                "highlight" : [ "slika-3" ]
              } ]
            }, {
              "name" : "slika-4",
              "specs" : [ {
                "status" : "info",
                "place" : {
                  "filePath" : "mobilepocetna.gspec",
                  "lineNumber" : 18
                },
                "name" : "below slika-3 -1 to 1px",
                "meta" : [ {
                  "from" : {
                    "object" : "slika-4",
                    "edge" : "top"
                  },
                  "to" : {
                    "object" : "slika-3",
                    "edge" : "bottom"
                  },
                  "expectedDistance" : "-1 to 1px",
                  "realDistance" : "1px"
                } ],
                "highlight" : [ "slika-4", "slika-3" ]
              }, {
                "status" : "info",
                "place" : {
                  "filePath" : "mobilepocetna.gspec",
                  "lineNumber" : 19
                },
                "name" : "width 150px",
                "meta" : [ {
                  "from" : {
                    "object" : "slika-4",
                    "edge" : "left"
                  },
                  "to" : {
                    "object" : "slika-4",
                    "edge" : "right"
                  },
                  "expectedDistance" : "150px",
                  "realDistance" : "150px"
                } ],
                "highlight" : [ "slika-4" ]
              } ]
            }, {
              "name" : "slika-5",
              "specs" : [ {
                "status" : "info",
                "place" : {
                  "filePath" : "mobilepocetna.gspec",
                  "lineNumber" : 18
                },
                "name" : "below slika-4 -1 to 1px",
                "meta" : [ {
                  "from" : {
                    "object" : "slika-5",
                    "edge" : "top"
                  },
                  "to" : {
                    "object" : "slika-4",
                    "edge" : "bottom"
                  },
                  "expectedDistance" : "-1 to 1px",
                  "realDistance" : "0px"
                } ],
                "highlight" : [ "slika-5", "slika-4" ]
              }, {
                "status" : "info",
                "place" : {
                  "filePath" : "mobilepocetna.gspec",
                  "lineNumber" : 19
                },
                "name" : "width 150px",
                "meta" : [ {
                  "from" : {
                    "object" : "slika-5",
                    "edge" : "left"
                  },
                  "to" : {
                    "object" : "slika-5",
                    "edge" : "right"
                  },
                  "expectedDistance" : "150px",
                  "realDistance" : "150px"
                } ],
                "highlight" : [ "slika-5" ]
              } ]
            }, {
              "name" : "slika-6",
              "specs" : [ {
                "status" : "info",
                "place" : {
                  "filePath" : "mobilepocetna.gspec",
                  "lineNumber" : 18
                },
                "name" : "below slika-5 -1 to 1px",
                "meta" : [ {
                  "from" : {
                    "object" : "slika-6",
                    "edge" : "top"
                  },
                  "to" : {
                    "object" : "slika-5",
                    "edge" : "bottom"
                  },
                  "expectedDistance" : "-1 to 1px",
                  "realDistance" : "0px"
                } ],
                "highlight" : [ "slika-6", "slika-5" ]
              }, {
                "status" : "info",
                "place" : {
                  "filePath" : "mobilepocetna.gspec",
                  "lineNumber" : 19
                },
                "name" : "width 150px",
                "meta" : [ {
                  "from" : {
                    "object" : "slika-6",
                    "edge" : "left"
                  },
                  "to" : {
                    "object" : "slika-6",
                    "edge" : "right"
                  },
                  "expectedDistance" : "150px",
                  "realDistance" : "150px"
                } ],
                "highlight" : [ "slika-6" ]
              } ]
            }, {
              "name" : "slika-7",
              "specs" : [ {
                "status" : "info",
                "place" : {
                  "filePath" : "mobilepocetna.gspec",
                  "lineNumber" : 18
                },
                "name" : "below slika-6 -1 to 1px",
                "meta" : [ {
                  "from" : {
                    "object" : "slika-7",
                    "edge" : "top"
                  },
                  "to" : {
                    "object" : "slika-6",
                    "edge" : "bottom"
                  },
                  "expectedDistance" : "-1 to 1px",
                  "realDistance" : "0px"
                } ],
                "highlight" : [ "slika-7", "slika-6" ]
              }, {
                "status" : "info",
                "place" : {
                  "filePath" : "mobilepocetna.gspec",
                  "lineNumber" : 19
                },
                "name" : "width 150px",
                "meta" : [ {
                  "from" : {
                    "object" : "slika-7",
                    "edge" : "left"
                  },
                  "to" : {
                    "object" : "slika-7",
                    "edge" : "right"
                  },
                  "expectedDistance" : "150px",
                  "realDistance" : "150px"
                } ],
                "highlight" : [ "slika-7" ]
              } ]
            }, {
              "name" : "slika-8",
              "specs" : [ {
                "status" : "info",
                "place" : {
                  "filePath" : "mobilepocetna.gspec",
                  "lineNumber" : 18
                },
                "name" : "below slika-7 -1 to 1px",
                "meta" : [ {
                  "from" : {
                    "object" : "slika-8",
                    "edge" : "top"
                  },
                  "to" : {
                    "object" : "slika-7",
                    "edge" : "bottom"
                  },
                  "expectedDistance" : "-1 to 1px",
                  "realDistance" : "0px"
                } ],
                "highlight" : [ "slika-8", "slika-7" ]
              }, {
                "status" : "info",
                "place" : {
                  "filePath" : "mobilepocetna.gspec",
                  "lineNumber" : 19
                },
                "name" : "width 150px",
                "meta" : [ {
                  "from" : {
                    "object" : "slika-8",
                    "edge" : "left"
                  },
                  "to" : {
                    "object" : "slika-8",
                    "edge" : "right"
                  },
                  "expectedDistance" : "150px",
                  "realDistance" : "150px"
                } ],
                "highlight" : [ "slika-8" ]
              } ]
            }, {
              "name" : "slika-9",
              "specs" : [ {
                "status" : "info",
                "place" : {
                  "filePath" : "mobilepocetna.gspec",
                  "lineNumber" : 18
                },
                "name" : "below slika-8 -1 to 1px",
                "meta" : [ {
                  "from" : {
                    "object" : "slika-9",
                    "edge" : "top"
                  },
                  "to" : {
                    "object" : "slika-8",
                    "edge" : "bottom"
                  },
                  "expectedDistance" : "-1 to 1px",
                  "realDistance" : "0px"
                } ],
                "highlight" : [ "slika-9", "slika-8" ]
              }, {
                "status" : "info",
                "place" : {
                  "filePath" : "mobilepocetna.gspec",
                  "lineNumber" : 19
                },
                "name" : "width 150px",
                "meta" : [ {
                  "from" : {
                    "object" : "slika-9",
                    "edge" : "left"
                  },
                  "to" : {
                    "object" : "slika-9",
                    "edge" : "right"
                  },
                  "expectedDistance" : "150px",
                  "realDistance" : "150px"
                } ],
                "highlight" : [ "slika-9" ]
              } ]
            } ]
          } ],
          "objects" : {
            "slika-8" : {
              "area" : [ 241, 782, 150, 84 ]
            },
            "slika-7" : {
              "area" : [ 241, 698, 150, 84 ]
            },
            "slika-9" : {
              "area" : [ 241, 866, 150, 85 ]
            },
            "meni-stavka" : {
              "area" : [ 41, 67, 560, 18 ]
            },
            "logo" : {
              "area" : [ 1, 51, 600, 50 ]
            },
            "slika-2" : {
              "area" : [ 241, 276, 150, 85 ]
            },
            "meni-lista" : {
              "area" : [ 21, 67, 580, 90 ]
            },
            "slika-1" : {
              "area" : [ 241, 192, 150, 84 ]
            },
            "slika-4" : {
              "area" : [ 241, 445, 150, 84 ]
            },
            "slika-3" : {
              "area" : [ 241, 360, 150, 84 ]
            },
            "slika-6" : {
              "area" : [ 241, 613, 150, 85 ]
            },
            "slika-5" : {
              "area" : [ 241, 529, 150, 84 ]
            }
          },
          "screenshot" : "layout-1-screenshot.png",
          "type" : "layout"
        }, {
          "name" : "Mutation testing: mobilepocetna.gspec included tags: ",
          "status" : "error",
          "time" : 1573653573640,
          "mutationReport" : {
            "objectMutationStatistics" : {
              "meni" : {
                "passed" : 10,
                "failed" : 0,
                "failedMutations" : [ ]
              },
              "slika-8" : {
                "passed" : 8,
                "failed" : 2,
                "failedMutations" : [ "slika-8: drag left by 5px", "slika-8: drag right by 5px" ]
              },
              "slika-7" : {
                "passed" : 8,
                "failed" : 2,
                "failedMutations" : [ "slika-7: drag left by 5px", "slika-7: drag right by 5px" ]
              },
              "slika-9" : {
                "passed" : 6,
                "failed" : 4,
                "failedMutations" : [ "slika-9: drag left by 5px", "slika-9: drag right by 5px", "slika-9: increase height by 5px", "slika-9: decrease height by 5px" ]
              },
              "meni-stavka" : {
                "passed" : 0,
                "failed" : 10,
                "failedMutations" : [ "meni-stavka: drag left by 5px", "meni-stavka: drag right by 5px", "meni-stavka: drag top by 5px", "meni-stavka: drag down by 5px", "meni-stavka: increase width by 5px", "meni-stavka: decrease width by 5px", "meni-stavka: increase height by 5px", "meni-stavka: decrease height by 5px", "meni-stavka: move left edge right by 5px", "meni-stavka: move top edge down by 5px" ]
              },
              "meni-lista" : {
                "passed" : 0,
                "failed" : 10,
                "failedMutations" : [ "meni-lista: drag left by 5px", "meni-lista: drag right by 5px", "meni-lista: drag top by 5px", "meni-lista: drag down by 5px", "meni-lista: increase width by 5px", "meni-lista: decrease width by 5px", "meni-lista: increase height by 5px", "meni-lista: decrease height by 5px", "meni-lista: move left edge right by 5px", "meni-lista: move top edge down by 5px" ]
              },
              "logo" : {
                "passed" : 0,
                "failed" : 10,
                "failedMutations" : [ "logo: drag left by 5px", "logo: drag right by 5px", "logo: drag top by 5px", "logo: drag down by 5px", "logo: increase width by 5px", "logo: decrease width by 5px", "logo: increase height by 5px", "logo: decrease height by 5px", "logo: move left edge right by 5px", "logo: move top edge down by 5px" ]
              },
              "slika-2" : {
                "passed" : 8,
                "failed" : 2,
                "failedMutations" : [ "slika-2: drag left by 5px", "slika-2: drag right by 5px" ]
              },
              "slika-1" : {
                "passed" : 4,
                "failed" : 6,
                "failedMutations" : [ "slika-1: drag left by 5px", "slika-1: drag right by 5px", "slika-1: increase width by 5px", "slika-1: decrease width by 5px", "slika-1: move left edge right by 5px", "slika-1: move top edge down by 5px" ]
              },
              "slika-4" : {
                "passed" : 8,
                "failed" : 2,
                "failedMutations" : [ "slika-4: drag left by 5px", "slika-4: drag right by 5px" ]
              },
              "slika-3" : {
                "passed" : 8,
                "failed" : 2,
                "failedMutations" : [ "slika-3: drag left by 5px", "slika-3: drag right by 5px" ]
              },
              "slika-6" : {
                "passed" : 8,
                "failed" : 2,
                "failedMutations" : [ "slika-6: drag left by 5px", "slika-6: drag right by 5px" ]
              },
              "slika-5" : {
                "passed" : 8,
                "failed" : 2,
                "failedMutations" : [ "slika-5: drag left by 5px", "slika-5: drag right by 5px" ]
              }
            },
            "totalPassed" : 76,
            "totalFailed" : 54,
            "totalMutations" : 130,
            "failedRatio" : 41.53846153846154
          },
          "type" : "mutation"
        } ],
        "time" : 1573653570539,
        "type" : "node"
      } ],
      "time" : 1573653568757,
      "type" : "node"
    } ]
  }
}