{
  "testId" : "1-mobilerezervacija.gspec",
  "name" : "mobilerezervacija.gspec",
  "report" : {
    "nodes" : [ {
      "name" : "Mutation test",
      "status" : "info",
      "nodes" : [ {
        "name" : "check  mobilerezervacija.gspec --url file:///Users/vedad/fax/wt/wt1917336/rezervacija.html --size 600x600 --offset 5 --htmlreport mutation-report",
        "status" : "info",
        "nodes" : [ {
          "name" : "Check layout: mobilerezervacija.gspec included tags: ",
          "status" : "info",
          "time" : 1573653587301,
          "sections" : [ {
            "name" : "Sadrzaj",
            "place" : {
              "filePath" : "mobilerezervacija.gspec",
              "lineNumber" : 14
            },
            "objects" : [ {
              "name" : "global",
              "specs" : [ {
                "status" : "info",
                "place" : {
                  "filePath" : "mobilerezervacija.gspec",
                  "lineNumber" : 16
                },
                "name" : "count any salaOpcija-* is 23",
                "highlight" : [ "salaOpcija-19", "salaOpcija-16", "salaOpcija-15", "salaOpcija-18", "salaOpcija-17", "salaOpcija-8", "salaOpcija-9", "salaOpcija-6", "salaOpcija-7", "salaOpcija-4", "salaOpcija-5", "salaOpcija-2", "salaOpcija-12", "salaOpcija-23", "salaOpcija-3", "salaOpcija-11", "salaOpcija-22", "salaOpcija-14", "salaOpcija-1", "salaOpcija-13", "salaOpcija-10", "salaOpcija-21", "salaOpcija-20" ]
              } ]
            }, {
              "name" : "daniContainer",
              "specs" : [ {
                "status" : "info",
                "place" : {
                  "filePath" : "mobilerezervacija.gspec",
                  "lineNumber" : 18
                },
                "name" : "inside kalendar",
                "meta" : [ ],
                "highlight" : [ "daniContainer", "kalendar" ]
              } ]
            }, {
              "name" : "kalendarDani",
              "specs" : [ {
                "status" : "info",
                "place" : {
                  "filePath" : "mobilerezervacija.gspec",
                  "lineNumber" : 20
                },
                "name" : "left-of kalendarDanPrvi",
                "meta" : [ {
                  "from" : {
                    "object" : "kalendarDani",
                    "edge" : "right"
                  },
                  "to" : {
                    "object" : "kalendarDanPrvi",
                    "edge" : "left"
                  },
                  "expectedDistance" : ">= 0px",
                  "realDistance" : "0px"
                } ],
                "highlight" : [ "kalendarDani", "kalendarDanPrvi" ]
              } ]
            }, {
              "name" : "prethodnaBtn",
              "specs" : [ {
                "status" : "info",
                "place" : {
                  "filePath" : "mobilerezervacija.gspec",
                  "lineNumber" : 25
                },
                "name" : "left-of sljedecaBtn",
                "meta" : [ {
                  "from" : {
                    "object" : "prethodnaBtn",
                    "edge" : "right"
                  },
                  "to" : {
                    "object" : "sljedecaBtn",
                    "edge" : "left"
                  },
                  "expectedDistance" : ">= 0px",
                  "realDistance" : "320px"
                } ],
                "highlight" : [ "prethodnaBtn", "sljedecaBtn" ]
              } ]
            } ]
          } ],
          "objects" : {
            "salaOpcija-19" : {
              "area" : [ 0, 0, 0, 0 ]
            },
            "salaOpcija-16" : {
              "area" : [ 0, 0, 0, 0 ]
            },
            "prethodnaBtn" : {
              "area" : [ 21, 810, 120, 45 ]
            },
            "salaOpcija-15" : {
              "area" : [ 0, 0, 0, 0 ]
            },
            "salaOpcija-18" : {
              "area" : [ 0, 0, 0, 0 ]
            },
            "salaOpcija-17" : {
              "area" : [ 0, 0, 0, 0 ]
            },
            "kalendarDani" : {
              "area" : [ 23, 437, 66, 366 ]
            },
            "salaOpcija-12" : {
              "area" : [ 0, 0, 0, 0 ]
            },
            "salaOpcija-11" : {
              "area" : [ 0, 0, 0, 0 ]
            },
            "salaOpcija-14" : {
              "area" : [ 0, 0, 0, 0 ]
            },
            "salaOpcija-13" : {
              "area" : [ 0, 0, 0, 0 ]
            },
            "salaOpcija-10" : {
              "area" : [ 0, 0, 0, 0 ]
            },
            "kalendar" : {
              "area" : [ 21, 385, 560, 420 ]
            },
            "sljedecaBtn" : {
              "area" : [ 461, 810, 120, 45 ]
            },
            "salaOpcija-8" : {
              "area" : [ 0, 0, 0, 0 ]
            },
            "salaOpcija-9" : {
              "area" : [ 0, 0, 0, 0 ]
            },
            "salaOpcija-6" : {
              "area" : [ 0, 0, 0, 0 ]
            },
            "salaOpcija-7" : {
              "area" : [ 0, 0, 0, 0 ]
            },
            "salaOpcija-4" : {
              "area" : [ 0, 0, 0, 0 ]
            },
            "kalendarDanPrvi" : {
              "area" : [ 89, 645, 66, 156 ]
            },
            "salaOpcija-5" : {
              "area" : [ 0, 0, 0, 0 ]
            },
            "salaOpcija-2" : {
              "area" : [ 0, 0, 0, 0 ]
            },
            "salaOpcija-23" : {
              "area" : [ 0, 0, 0, 0 ]
            },
            "salaOpcija-3" : {
              "area" : [ 0, 0, 0, 0 ]
            },
            "salaOpcija-22" : {
              "area" : [ 0, 0, 0, 0 ]
            },
            "salaOpcija-1" : {
              "area" : [ 0, 0, 0, 0 ]
            },
            "daniContainer" : {
              "area" : [ 23, 437, 556, 0 ]
            },
            "salaOpcija-21" : {
              "area" : [ 0, 0, 0, 0 ]
            },
            "salaOpcija-20" : {
              "area" : [ 0, 0, 0, 0 ]
            }
          },
          "screenshot" : "layout-1-screenshot.png",
          "type" : "layout"
        }, {
          "name" : "Mutation testing: mobilerezervacija.gspec included tags: ",
          "status" : "error",
          "time" : 1573653587301,
          "mutationReport" : {
            "objectMutationStatistics" : {
              "salaOpcija-19" : {
                "passed" : 0,
                "failed" : 10,
                "failedMutations" : [ "salaOpcija-19: drag left by 5px", "salaOpcija-19: drag right by 5px", "salaOpcija-19: drag top by 5px", "salaOpcija-19: drag down by 5px", "salaOpcija-19: increase width by 5px", "salaOpcija-19: decrease width by 5px", "salaOpcija-19: increase height by 5px", "salaOpcija-19: decrease height by 5px", "salaOpcija-19: move left edge right by 5px", "salaOpcija-19: move top edge down by 5px" ]
              },
              "salaOpcija-16" : {
                "passed" : 0,
                "failed" : 10,
                "failedMutations" : [ "salaOpcija-16: drag left by 5px", "salaOpcija-16: drag right by 5px", "salaOpcija-16: drag top by 5px", "salaOpcija-16: drag down by 5px", "salaOpcija-16: increase width by 5px", "salaOpcija-16: decrease width by 5px", "salaOpcija-16: increase height by 5px", "salaOpcija-16: decrease height by 5px", "salaOpcija-16: move left edge right by 5px", "salaOpcija-16: move top edge down by 5px" ]
              },
              "prethodnaBtn" : {
                "passed" : 0,
                "failed" : 10,
                "failedMutations" : [ "prethodnaBtn: drag left by 5px", "prethodnaBtn: drag right by 5px", "prethodnaBtn: drag top by 5px", "prethodnaBtn: drag down by 5px", "prethodnaBtn: increase width by 5px", "prethodnaBtn: decrease width by 5px", "prethodnaBtn: increase height by 5px", "prethodnaBtn: decrease height by 5px", "prethodnaBtn: move left edge right by 5px", "prethodnaBtn: move top edge down by 5px" ]
              },
              "salaOpcija-15" : {
                "passed" : 0,
                "failed" : 10,
                "failedMutations" : [ "salaOpcija-15: drag left by 5px", "salaOpcija-15: drag right by 5px", "salaOpcija-15: drag top by 5px", "salaOpcija-15: drag down by 5px", "salaOpcija-15: increase width by 5px", "salaOpcija-15: decrease width by 5px", "salaOpcija-15: increase height by 5px", "salaOpcija-15: decrease height by 5px", "salaOpcija-15: move left edge right by 5px", "salaOpcija-15: move top edge down by 5px" ]
              },
              "salaOpcija-18" : {
                "passed" : 0,
                "failed" : 10,
                "failedMutations" : [ "salaOpcija-18: drag left by 5px", "salaOpcija-18: drag right by 5px", "salaOpcija-18: drag top by 5px", "salaOpcija-18: drag down by 5px", "salaOpcija-18: increase width by 5px", "salaOpcija-18: decrease width by 5px", "salaOpcija-18: increase height by 5px", "salaOpcija-18: decrease height by 5px", "salaOpcija-18: move left edge right by 5px", "salaOpcija-18: move top edge down by 5px" ]
              },
              "salaOpcija-17" : {
                "passed" : 0,
                "failed" : 10,
                "failedMutations" : [ "salaOpcija-17: drag left by 5px", "salaOpcija-17: drag right by 5px", "salaOpcija-17: drag top by 5px", "salaOpcija-17: drag down by 5px", "salaOpcija-17: increase width by 5px", "salaOpcija-17: decrease width by 5px", "salaOpcija-17: increase height by 5px", "salaOpcija-17: decrease height by 5px", "salaOpcija-17: move left edge right by 5px", "salaOpcija-17: move top edge down by 5px" ]
              },
              "kalendarDani" : {
                "passed" : 2,
                "failed" : 8,
                "failedMutations" : [ "kalendarDani: drag left by 5px", "kalendarDani: drag top by 5px", "kalendarDani: drag down by 5px", "kalendarDani: decrease width by 5px", "kalendarDani: increase height by 5px", "kalendarDani: decrease height by 5px", "kalendarDani: move left edge right by 5px", "kalendarDani: move top edge down by 5px" ]
              },
              "salaOpcija-12" : {
                "passed" : 0,
                "failed" : 10,
                "failedMutations" : [ "salaOpcija-12: drag left by 5px", "salaOpcija-12: drag right by 5px", "salaOpcija-12: drag top by 5px", "salaOpcija-12: drag down by 5px", "salaOpcija-12: increase width by 5px", "salaOpcija-12: decrease width by 5px", "salaOpcija-12: increase height by 5px", "salaOpcija-12: decrease height by 5px", "salaOpcija-12: move left edge right by 5px", "salaOpcija-12: move top edge down by 5px" ]
              },
              "salaOpcija-11" : {
                "passed" : 0,
                "failed" : 10,
                "failedMutations" : [ "salaOpcija-11: drag left by 5px", "salaOpcija-11: drag right by 5px", "salaOpcija-11: drag top by 5px", "salaOpcija-11: drag down by 5px", "salaOpcija-11: increase width by 5px", "salaOpcija-11: decrease width by 5px", "salaOpcija-11: increase height by 5px", "salaOpcija-11: decrease height by 5px", "salaOpcija-11: move left edge right by 5px", "salaOpcija-11: move top edge down by 5px" ]
              },
              "salaOpcija-14" : {
                "passed" : 0,
                "failed" : 10,
                "failedMutations" : [ "salaOpcija-14: drag left by 5px", "salaOpcija-14: drag right by 5px", "salaOpcija-14: drag top by 5px", "salaOpcija-14: drag down by 5px", "salaOpcija-14: increase width by 5px", "salaOpcija-14: decrease width by 5px", "salaOpcija-14: increase height by 5px", "salaOpcija-14: decrease height by 5px", "salaOpcija-14: move left edge right by 5px", "salaOpcija-14: move top edge down by 5px" ]
              },
              "salaOpcija-13" : {
                "passed" : 0,
                "failed" : 10,
                "failedMutations" : [ "salaOpcija-13: drag left by 5px", "salaOpcija-13: drag right by 5px", "salaOpcija-13: drag top by 5px", "salaOpcija-13: drag down by 5px", "salaOpcija-13: increase width by 5px", "salaOpcija-13: decrease width by 5px", "salaOpcija-13: increase height by 5px", "salaOpcija-13: decrease height by 5px", "salaOpcija-13: move left edge right by 5px", "salaOpcija-13: move top edge down by 5px" ]
              },
              "salaOpcija-10" : {
                "passed" : 0,
                "failed" : 10,
                "failedMutations" : [ "salaOpcija-10: drag left by 5px", "salaOpcija-10: drag right by 5px", "salaOpcija-10: drag top by 5px", "salaOpcija-10: drag down by 5px", "salaOpcija-10: increase width by 5px", "salaOpcija-10: decrease width by 5px", "salaOpcija-10: increase height by 5px", "salaOpcija-10: decrease height by 5px", "salaOpcija-10: move left edge right by 5px", "salaOpcija-10: move top edge down by 5px" ]
              },
              "kalendar" : {
                "passed" : 4,
                "failed" : 6,
                "failedMutations" : [ "kalendar: drag top by 5px", "kalendar: drag down by 5px", "kalendar: increase width by 5px", "kalendar: increase height by 5px", "kalendar: decrease height by 5px", "kalendar: move top edge down by 5px" ]
              },
              "sljedecaBtn" : {
                "passed" : 0,
                "failed" : 10,
                "failedMutations" : [ "sljedecaBtn: drag left by 5px", "sljedecaBtn: drag right by 5px", "sljedecaBtn: drag top by 5px", "sljedecaBtn: drag down by 5px", "sljedecaBtn: increase width by 5px", "sljedecaBtn: decrease width by 5px", "sljedecaBtn: increase height by 5px", "sljedecaBtn: decrease height by 5px", "sljedecaBtn: move left edge right by 5px", "sljedecaBtn: move top edge down by 5px" ]
              },
              "salaOpcija-8" : {
                "passed" : 0,
                "failed" : 10,
                "failedMutations" : [ "salaOpcija-8: drag left by 5px", "salaOpcija-8: drag right by 5px", "salaOpcija-8: drag top by 5px", "salaOpcija-8: drag down by 5px", "salaOpcija-8: increase width by 5px", "salaOpcija-8: decrease width by 5px", "salaOpcija-8: increase height by 5px", "salaOpcija-8: decrease height by 5px", "salaOpcija-8: move left edge right by 5px", "salaOpcija-8: move top edge down by 5px" ]
              },
              "salaOpcija-9" : {
                "passed" : 0,
                "failed" : 10,
                "failedMutations" : [ "salaOpcija-9: drag left by 5px", "salaOpcija-9: drag right by 5px", "salaOpcija-9: drag top by 5px", "salaOpcija-9: drag down by 5px", "salaOpcija-9: increase width by 5px", "salaOpcija-9: decrease width by 5px", "salaOpcija-9: increase height by 5px", "salaOpcija-9: decrease height by 5px", "salaOpcija-9: move left edge right by 5px", "salaOpcija-9: move top edge down by 5px" ]
              },
              "salaOpcija-6" : {
                "passed" : 0,
                "failed" : 10,
                "failedMutations" : [ "salaOpcija-6: drag left by 5px", "salaOpcija-6: drag right by 5px", "salaOpcija-6: drag top by 5px", "salaOpcija-6: drag down by 5px", "salaOpcija-6: increase width by 5px", "salaOpcija-6: decrease width by 5px", "salaOpcija-6: increase height by 5px", "salaOpcija-6: decrease height by 5px", "salaOpcija-6: move left edge right by 5px", "salaOpcija-6: move top edge down by 5px" ]
              },
              "salaOpcija-7" : {
                "passed" : 0,
                "failed" : 10,
                "failedMutations" : [ "salaOpcija-7: drag left by 5px", "salaOpcija-7: drag right by 5px", "salaOpcija-7: drag top by 5px", "salaOpcija-7: drag down by 5px", "salaOpcija-7: increase width by 5px", "salaOpcija-7: decrease width by 5px", "salaOpcija-7: increase height by 5px", "salaOpcija-7: decrease height by 5px", "salaOpcija-7: move left edge right by 5px", "salaOpcija-7: move top edge down by 5px" ]
              },
              "salaOpcija-4" : {
                "passed" : 0,
                "failed" : 10,
                "failedMutations" : [ "salaOpcija-4: drag left by 5px", "salaOpcija-4: drag right by 5px", "salaOpcija-4: drag top by 5px", "salaOpcija-4: drag down by 5px", "salaOpcija-4: increase width by 5px", "salaOpcija-4: decrease width by 5px", "salaOpcija-4: increase height by 5px", "salaOpcija-4: decrease height by 5px", "salaOpcija-4: move left edge right by 5px", "salaOpcija-4: move top edge down by 5px" ]
              },
              "kalendarDanPrvi" : {
                "passed" : 1,
                "failed" : 9,
                "failedMutations" : [ "kalendarDanPrvi: drag right by 5px", "kalendarDanPrvi: drag top by 5px", "kalendarDanPrvi: drag down by 5px", "kalendarDanPrvi: increase width by 5px", "kalendarDanPrvi: decrease width by 5px", "kalendarDanPrvi: increase height by 5px", "kalendarDanPrvi: decrease height by 5px", "kalendarDanPrvi: move left edge right by 5px", "kalendarDanPrvi: move top edge down by 5px" ]
              },
              "salaOpcija-5" : {
                "passed" : 0,
                "failed" : 10,
                "failedMutations" : [ "salaOpcija-5: drag left by 5px", "salaOpcija-5: drag right by 5px", "salaOpcija-5: drag top by 5px", "salaOpcija-5: drag down by 5px", "salaOpcija-5: increase width by 5px", "salaOpcija-5: decrease width by 5px", "salaOpcija-5: increase height by 5px", "salaOpcija-5: decrease height by 5px", "salaOpcija-5: move left edge right by 5px", "salaOpcija-5: move top edge down by 5px" ]
              },
              "salaOpcija-2" : {
                "passed" : 0,
                "failed" : 10,
                "failedMutations" : [ "salaOpcija-2: drag left by 5px", "salaOpcija-2: drag right by 5px", "salaOpcija-2: drag top by 5px", "salaOpcija-2: drag down by 5px", "salaOpcija-2: increase width by 5px", "salaOpcija-2: decrease width by 5px", "salaOpcija-2: increase height by 5px", "salaOpcija-2: decrease height by 5px", "salaOpcija-2: move left edge right by 5px", "salaOpcija-2: move top edge down by 5px" ]
              },
              "salaOpcija-23" : {
                "passed" : 0,
                "failed" : 10,
                "failedMutations" : [ "salaOpcija-23: drag left by 5px", "salaOpcija-23: drag right by 5px", "salaOpcija-23: drag top by 5px", "salaOpcija-23: drag down by 5px", "salaOpcija-23: increase width by 5px", "salaOpcija-23: decrease width by 5px", "salaOpcija-23: increase height by 5px", "salaOpcija-23: decrease height by 5px", "salaOpcija-23: move left edge right by 5px", "salaOpcija-23: move top edge down by 5px" ]
              },
              "salaOpcija-3" : {
                "passed" : 0,
                "failed" : 10,
                "failedMutations" : [ "salaOpcija-3: drag left by 5px", "salaOpcija-3: drag right by 5px", "salaOpcija-3: drag top by 5px", "salaOpcija-3: drag down by 5px", "salaOpcija-3: increase width by 5px", "salaOpcija-3: decrease width by 5px", "salaOpcija-3: increase height by 5px", "salaOpcija-3: decrease height by 5px", "salaOpcija-3: move left edge right by 5px", "salaOpcija-3: move top edge down by 5px" ]
              },
              "salaOpcija-22" : {
                "passed" : 0,
                "failed" : 10,
                "failedMutations" : [ "salaOpcija-22: drag left by 5px", "salaOpcija-22: drag right by 5px", "salaOpcija-22: drag top by 5px", "salaOpcija-22: drag down by 5px", "salaOpcija-22: increase width by 5px", "salaOpcija-22: decrease width by 5px", "salaOpcija-22: increase height by 5px", "salaOpcija-22: decrease height by 5px", "salaOpcija-22: move left edge right by 5px", "salaOpcija-22: move top edge down by 5px" ]
              },
              "salaOpcija-1" : {
                "passed" : 0,
                "failed" : 10,
                "failedMutations" : [ "salaOpcija-1: drag left by 5px", "salaOpcija-1: drag right by 5px", "salaOpcija-1: drag top by 5px", "salaOpcija-1: drag down by 5px", "salaOpcija-1: increase width by 5px", "salaOpcija-1: decrease width by 5px", "salaOpcija-1: increase height by 5px", "salaOpcija-1: decrease height by 5px", "salaOpcija-1: move left edge right by 5px", "salaOpcija-1: move top edge down by 5px" ]
              },
              "daniContainer" : {
                "passed" : 3,
                "failed" : 7,
                "failedMutations" : [ "daniContainer: drag top by 5px", "daniContainer: drag down by 5px", "daniContainer: decrease width by 5px", "daniContainer: increase height by 5px", "daniContainer: decrease height by 5px", "daniContainer: move left edge right by 5px", "daniContainer: move top edge down by 5px" ]
              },
              "salaOpcija-21" : {
                "passed" : 0,
                "failed" : 10,
                "failedMutations" : [ "salaOpcija-21: drag left by 5px", "salaOpcija-21: drag right by 5px", "salaOpcija-21: drag top by 5px", "salaOpcija-21: drag down by 5px", "salaOpcija-21: increase width by 5px", "salaOpcija-21: decrease width by 5px", "salaOpcija-21: increase height by 5px", "salaOpcija-21: decrease height by 5px", "salaOpcija-21: move left edge right by 5px", "salaOpcija-21: move top edge down by 5px" ]
              },
              "salaOpcija-20" : {
                "passed" : 0,
                "failed" : 10,
                "failedMutations" : [ "salaOpcija-20: drag left by 5px", "salaOpcija-20: drag right by 5px", "salaOpcija-20: drag top by 5px", "salaOpcija-20: drag down by 5px", "salaOpcija-20: increase width by 5px", "salaOpcija-20: decrease width by 5px", "salaOpcija-20: increase height by 5px", "salaOpcija-20: decrease height by 5px", "salaOpcija-20: move left edge right by 5px", "salaOpcija-20: move top edge down by 5px" ]
              }
            },
            "totalPassed" : 10,
            "totalFailed" : 280,
            "totalMutations" : 290,
            "failedRatio" : 96.55172413793103
          },
          "type" : "mutation"
        } ],
        "time" : 1573653583752,
        "type" : "node"
      } ],
      "time" : 1573653582004,
      "type" : "node"
    } ]
  }
}