{
  "testId" : "1-pocetna.gspec",
  "name" : "pocetna.gspec",
  "report" : {
    "nodes" : [ {
      "name" : "Mutation test",
      "status" : "info",
      "nodes" : [ {
        "name" : "check  pocetna.gspec --url file:///Users/vedad/fax/wt/wt1917336/pocetna.html --size 1200x800 --offset 5 --htmlreport mutation-report",
        "status" : "info",
        "nodes" : [ {
          "name" : "Check layout: pocetna.gspec included tags: ",
          "status" : "info",
          "time" : 1573653567840,
          "sections" : [ {
            "name" : "Meni",
            "place" : {
              "filePath" : "pocetna.gspec",
              "lineNumber" : 8
            },
            "objects" : [ {
              "name" : "logo",
              "specs" : [ {
                "status" : "info",
                "place" : {
                  "filePath" : "pocetna.gspec",
                  "lineNumber" : 10
                },
                "name" : "above meni-lista 0 to 10 px",
                "meta" : [ {
                  "from" : {
                    "object" : "logo",
                    "edge" : "bottom"
                  },
                  "to" : {
                    "object" : "meni-lista",
                    "edge" : "top"
                  },
                  "expectedDistance" : "0 to 10px",
                  "realDistance" : "2px"
                } ],
                "highlight" : [ "logo", "meni-lista" ]
              }, {
                "status" : "info",
                "place" : {
                  "filePath" : "pocetna.gspec",
                  "lineNumber" : 11
                },
                "name" : "width 95 to 100 % of meni/width",
                "meta" : [ {
                  "from" : {
                    "object" : "logo",
                    "edge" : "left"
                  },
                  "to" : {
                    "object" : "logo",
                    "edge" : "right"
                  },
                  "expectedDistance" : "95 to 100% [685 to 722px]",
                  "realDistance" : "99% [720px]"
                } ],
                "highlight" : [ "logo" ]
              } ]
            }, {
              "name" : "meni-lista",
              "specs" : [ {
                "status" : "info",
                "place" : {
                  "filePath" : "pocetna.gspec",
                  "lineNumber" : 13
                },
                "name" : "aligned horizontally all meni-stavka",
                "highlight" : [ "meni-lista", "meni-stavka" ]
              } ]
            } ]
          }, {
            "name" : "Galerija",
            "place" : {
              "filePath" : "pocetna.gspec",
              "lineNumber" : 15
            },
            "objects" : [ {
              "name" : "slika-1",
              "specs" : [ {
                "status" : "info",
                "place" : {
                  "filePath" : "pocetna.gspec",
                  "lineNumber" : 18
                },
                "name" : "left-of slika-2",
                "meta" : [ {
                  "from" : {
                    "object" : "slika-1",
                    "edge" : "right"
                  },
                  "to" : {
                    "object" : "slika-2",
                    "edge" : "left"
                  },
                  "expectedDistance" : ">= 0px",
                  "realDistance" : "83px"
                } ],
                "highlight" : [ "slika-1", "slika-2" ]
              }, {
                "status" : "info",
                "place" : {
                  "filePath" : "pocetna.gspec",
                  "lineNumber" : 19
                },
                "name" : "width 150px",
                "meta" : [ {
                  "from" : {
                    "object" : "slika-1",
                    "edge" : "left"
                  },
                  "to" : {
                    "object" : "slika-1",
                    "edge" : "right"
                  },
                  "expectedDistance" : "150px",
                  "realDistance" : "150px"
                } ],
                "highlight" : [ "slika-1" ]
              } ]
            }, {
              "name" : "slika-4",
              "specs" : [ {
                "status" : "info",
                "place" : {
                  "filePath" : "pocetna.gspec",
                  "lineNumber" : 18
                },
                "name" : "left-of slika-5",
                "meta" : [ {
                  "from" : {
                    "object" : "slika-4",
                    "edge" : "right"
                  },
                  "to" : {
                    "object" : "slika-5",
                    "edge" : "left"
                  },
                  "expectedDistance" : ">= 0px",
                  "realDistance" : "83px"
                } ],
                "highlight" : [ "slika-4", "slika-5" ]
              }, {
                "status" : "info",
                "place" : {
                  "filePath" : "pocetna.gspec",
                  "lineNumber" : 19
                },
                "name" : "width 150px",
                "meta" : [ {
                  "from" : {
                    "object" : "slika-4",
                    "edge" : "left"
                  },
                  "to" : {
                    "object" : "slika-4",
                    "edge" : "right"
                  },
                  "expectedDistance" : "150px",
                  "realDistance" : "150px"
                } ],
                "highlight" : [ "slika-4" ]
              } ]
            }, {
              "name" : "slika-7",
              "specs" : [ {
                "status" : "info",
                "place" : {
                  "filePath" : "pocetna.gspec",
                  "lineNumber" : 18
                },
                "name" : "left-of slika-8",
                "meta" : [ {
                  "from" : {
                    "object" : "slika-7",
                    "edge" : "right"
                  },
                  "to" : {
                    "object" : "slika-8",
                    "edge" : "left"
                  },
                  "expectedDistance" : ">= 0px",
                  "realDistance" : "83px"
                } ],
                "highlight" : [ "slika-7", "slika-8" ]
              }, {
                "status" : "info",
                "place" : {
                  "filePath" : "pocetna.gspec",
                  "lineNumber" : 19
                },
                "name" : "width 150px",
                "meta" : [ {
                  "from" : {
                    "object" : "slika-7",
                    "edge" : "left"
                  },
                  "to" : {
                    "object" : "slika-7",
                    "edge" : "right"
                  },
                  "expectedDistance" : "150px",
                  "realDistance" : "150px"
                } ],
                "highlight" : [ "slika-7" ]
              } ]
            }, {
              "name" : "slika-2",
              "specs" : [ {
                "status" : "info",
                "place" : {
                  "filePath" : "pocetna.gspec",
                  "lineNumber" : 22
                },
                "name" : "right-of slika-1",
                "meta" : [ {
                  "from" : {
                    "object" : "slika-2",
                    "edge" : "left"
                  },
                  "to" : {
                    "object" : "slika-1",
                    "edge" : "right"
                  },
                  "expectedDistance" : ">= 0px",
                  "realDistance" : "83px"
                } ],
                "highlight" : [ "slika-2", "slika-1" ]
              }, {
                "status" : "info",
                "place" : {
                  "filePath" : "pocetna.gspec",
                  "lineNumber" : 23
                },
                "name" : "width 150px",
                "meta" : [ {
                  "from" : {
                    "object" : "slika-2",
                    "edge" : "left"
                  },
                  "to" : {
                    "object" : "slika-2",
                    "edge" : "right"
                  },
                  "expectedDistance" : "150px",
                  "realDistance" : "150px"
                } ],
                "highlight" : [ "slika-2" ]
              } ]
            }, {
              "name" : "slika-3",
              "specs" : [ {
                "status" : "info",
                "place" : {
                  "filePath" : "pocetna.gspec",
                  "lineNumber" : 22
                },
                "name" : "right-of slika-2",
                "meta" : [ {
                  "from" : {
                    "object" : "slika-3",
                    "edge" : "left"
                  },
                  "to" : {
                    "object" : "slika-2",
                    "edge" : "right"
                  },
                  "expectedDistance" : ">= 0px",
                  "realDistance" : "84px"
                } ],
                "highlight" : [ "slika-3", "slika-2" ]
              }, {
                "status" : "info",
                "place" : {
                  "filePath" : "pocetna.gspec",
                  "lineNumber" : 23
                },
                "name" : "width 150px",
                "meta" : [ {
                  "from" : {
                    "object" : "slika-3",
                    "edge" : "left"
                  },
                  "to" : {
                    "object" : "slika-3",
                    "edge" : "right"
                  },
                  "expectedDistance" : "150px",
                  "realDistance" : "150px"
                } ],
                "highlight" : [ "slika-3" ]
              } ]
            }, {
              "name" : "slika-5",
              "specs" : [ {
                "status" : "info",
                "place" : {
                  "filePath" : "pocetna.gspec",
                  "lineNumber" : 22
                },
                "name" : "right-of slika-4",
                "meta" : [ {
                  "from" : {
                    "object" : "slika-5",
                    "edge" : "left"
                  },
                  "to" : {
                    "object" : "slika-4",
                    "edge" : "right"
                  },
                  "expectedDistance" : ">= 0px",
                  "realDistance" : "83px"
                } ],
                "highlight" : [ "slika-5", "slika-4" ]
              }, {
                "status" : "info",
                "place" : {
                  "filePath" : "pocetna.gspec",
                  "lineNumber" : 23
                },
                "name" : "width 150px",
                "meta" : [ {
                  "from" : {
                    "object" : "slika-5",
                    "edge" : "left"
                  },
                  "to" : {
                    "object" : "slika-5",
                    "edge" : "right"
                  },
                  "expectedDistance" : "150px",
                  "realDistance" : "150px"
                } ],
                "highlight" : [ "slika-5" ]
              } ]
            }, {
              "name" : "slika-6",
              "specs" : [ {
                "status" : "info",
                "place" : {
                  "filePath" : "pocetna.gspec",
                  "lineNumber" : 22
                },
                "name" : "right-of slika-5",
                "meta" : [ {
                  "from" : {
                    "object" : "slika-6",
                    "edge" : "left"
                  },
                  "to" : {
                    "object" : "slika-5",
                    "edge" : "right"
                  },
                  "expectedDistance" : ">= 0px",
                  "realDistance" : "84px"
                } ],
                "highlight" : [ "slika-6", "slika-5" ]
              }, {
                "status" : "info",
                "place" : {
                  "filePath" : "pocetna.gspec",
                  "lineNumber" : 23
                },
                "name" : "width 150px",
                "meta" : [ {
                  "from" : {
                    "object" : "slika-6",
                    "edge" : "left"
                  },
                  "to" : {
                    "object" : "slika-6",
                    "edge" : "right"
                  },
                  "expectedDistance" : "150px",
                  "realDistance" : "150px"
                } ],
                "highlight" : [ "slika-6" ]
              } ]
            }, {
              "name" : "slika-8",
              "specs" : [ {
                "status" : "info",
                "place" : {
                  "filePath" : "pocetna.gspec",
                  "lineNumber" : 22
                },
                "name" : "right-of slika-7",
                "meta" : [ {
                  "from" : {
                    "object" : "slika-8",
                    "edge" : "left"
                  },
                  "to" : {
                    "object" : "slika-7",
                    "edge" : "right"
                  },
                  "expectedDistance" : ">= 0px",
                  "realDistance" : "83px"
                } ],
                "highlight" : [ "slika-8", "slika-7" ]
              }, {
                "status" : "info",
                "place" : {
                  "filePath" : "pocetna.gspec",
                  "lineNumber" : 23
                },
                "name" : "width 150px",
                "meta" : [ {
                  "from" : {
                    "object" : "slika-8",
                    "edge" : "left"
                  },
                  "to" : {
                    "object" : "slika-8",
                    "edge" : "right"
                  },
                  "expectedDistance" : "150px",
                  "realDistance" : "150px"
                } ],
                "highlight" : [ "slika-8" ]
              } ]
            }, {
              "name" : "slika-9",
              "specs" : [ {
                "status" : "info",
                "place" : {
                  "filePath" : "pocetna.gspec",
                  "lineNumber" : 22
                },
                "name" : "right-of slika-8",
                "meta" : [ {
                  "from" : {
                    "object" : "slika-9",
                    "edge" : "left"
                  },
                  "to" : {
                    "object" : "slika-8",
                    "edge" : "right"
                  },
                  "expectedDistance" : ">= 0px",
                  "realDistance" : "84px"
                } ],
                "highlight" : [ "slika-9", "slika-8" ]
              }, {
                "status" : "info",
                "place" : {
                  "filePath" : "pocetna.gspec",
                  "lineNumber" : 23
                },
                "name" : "width 150px",
                "meta" : [ {
                  "from" : {
                    "object" : "slika-9",
                    "edge" : "left"
                  },
                  "to" : {
                    "object" : "slika-9",
                    "edge" : "right"
                  },
                  "expectedDistance" : "150px",
                  "realDistance" : "150px"
                } ],
                "highlight" : [ "slika-9" ]
              } ]
            }, {
              "name" : "slika-10",
              "specs" : [ {
                "status" : "info",
                "place" : {
                  "filePath" : "pocetna.gspec",
                  "lineNumber" : 25
                },
                "name" : "below slika-9",
                "meta" : [ {
                  "from" : {
                    "object" : "slika-10",
                    "edge" : "top"
                  },
                  "to" : {
                    "object" : "slika-9",
                    "edge" : "bottom"
                  },
                  "expectedDistance" : ">= 0px",
                  "realDistance" : "0px"
                } ],
                "highlight" : [ "slika-10", "slika-9" ]
              }, {
                "status" : "info",
                "place" : {
                  "filePath" : "pocetna.gspec",
                  "lineNumber" : 26
                },
                "name" : "width 150px",
                "meta" : [ {
                  "from" : {
                    "object" : "slika-10",
                    "edge" : "left"
                  },
                  "to" : {
                    "object" : "slika-10",
                    "edge" : "right"
                  },
                  "expectedDistance" : "150px",
                  "realDistance" : "150px"
                } ],
                "highlight" : [ "slika-10" ]
              } ]
            } ]
          } ],
          "objects" : {
            "slika-8" : {
              "area" : [ 525, 316, 150, 84 ]
            },
            "slika-7" : {
              "area" : [ 292, 316, 150, 84 ]
            },
            "slika-9" : {
              "area" : [ 759, 316, 150, 84 ]
            },
            "slika-10" : {
              "area" : [ 292, 400, 150, 84 ]
            },
            "meni-stavka" : {
              "area" : [ 281, 103, 51, 18 ]
            },
            "meni-lista" : {
              "area" : [ 261, 103, 328, 18 ]
            },
            "logo" : {
              "area" : [ 241, 51, 720, 50 ]
            },
            "slika-2" : {
              "area" : [ 525, 148, 150, 84 ]
            },
            "slika-1" : {
              "area" : [ 292, 148, 150, 84 ]
            },
            "slika-4" : {
              "area" : [ 292, 232, 150, 85 ]
            },
            "slika-3" : {
              "area" : [ 759, 148, 150, 84 ]
            },
            "slika-6" : {
              "area" : [ 759, 232, 150, 85 ]
            },
            "slika-5" : {
              "area" : [ 525, 232, 150, 85 ]
            }
          },
          "screenshot" : "layout-1-screenshot.png",
          "type" : "layout"
        }, {
          "name" : "Mutation testing: pocetna.gspec included tags: ",
          "status" : "error",
          "time" : 1573653567840,
          "mutationReport" : {
            "objectMutationStatistics" : {
              "meni" : {
                "passed" : 10,
                "failed" : 0,
                "failedMutations" : [ ]
              },
              "slika-8" : {
                "passed" : 3,
                "failed" : 7,
                "failedMutations" : [ "slika-8: drag left by 5px", "slika-8: drag right by 5px", "slika-8: drag top by 5px", "slika-8: drag down by 5px", "slika-8: increase height by 5px", "slika-8: decrease height by 5px", "slika-8: move top edge down by 5px" ]
              },
              "slika-7" : {
                "passed" : 3,
                "failed" : 7,
                "failedMutations" : [ "slika-7: drag left by 5px", "slika-7: drag right by 5px", "slika-7: drag top by 5px", "slika-7: drag down by 5px", "slika-7: increase height by 5px", "slika-7: decrease height by 5px", "slika-7: move top edge down by 5px" ]
              },
              "slika-9" : {
                "passed" : 5,
                "failed" : 5,
                "failedMutations" : [ "slika-9: drag left by 5px", "slika-9: drag right by 5px", "slika-9: drag top by 5px", "slika-9: decrease height by 5px", "slika-9: move top edge down by 5px" ]
              },
              "slika-10" : {
                "passed" : 4,
                "failed" : 6,
                "failedMutations" : [ "slika-10: drag left by 5px", "slika-10: drag right by 5px", "slika-10: drag down by 5px", "slika-10: increase height by 5px", "slika-10: decrease height by 5px", "slika-10: move top edge down by 5px" ]
              },
              "meni-stavka" : {
                "passed" : 5,
                "failed" : 5,
                "failedMutations" : [ "meni-stavka: drag left by 5px", "meni-stavka: drag right by 5px", "meni-stavka: increase width by 5px", "meni-stavka: decrease width by 5px", "meni-stavka: move left edge right by 5px" ]
              },
              "meni-lista" : {
                "passed" : 5,
                "failed" : 5,
                "failedMutations" : [ "meni-lista: drag left by 5px", "meni-lista: drag right by 5px", "meni-lista: increase width by 5px", "meni-lista: decrease width by 5px", "meni-lista: move left edge right by 5px" ]
              },
              "logo" : {
                "passed" : 2,
                "failed" : 8,
                "failedMutations" : [ "logo: drag left by 5px", "logo: drag right by 5px", "logo: drag top by 5px", "logo: increase width by 5px", "logo: decrease width by 5px", "logo: decrease height by 5px", "logo: move left edge right by 5px", "logo: move top edge down by 5px" ]
              },
              "slika-2" : {
                "passed" : 3,
                "failed" : 7,
                "failedMutations" : [ "slika-2: drag left by 5px", "slika-2: drag right by 5px", "slika-2: drag top by 5px", "slika-2: drag down by 5px", "slika-2: increase height by 5px", "slika-2: decrease height by 5px", "slika-2: move top edge down by 5px" ]
              },
              "slika-1" : {
                "passed" : 3,
                "failed" : 7,
                "failedMutations" : [ "slika-1: drag left by 5px", "slika-1: drag right by 5px", "slika-1: drag top by 5px", "slika-1: drag down by 5px", "slika-1: increase height by 5px", "slika-1: decrease height by 5px", "slika-1: move top edge down by 5px" ]
              },
              "slika-4" : {
                "passed" : 3,
                "failed" : 7,
                "failedMutations" : [ "slika-4: drag left by 5px", "slika-4: drag right by 5px", "slika-4: drag top by 5px", "slika-4: drag down by 5px", "slika-4: increase height by 5px", "slika-4: decrease height by 5px", "slika-4: move top edge down by 5px" ]
              },
              "slika-3" : {
                "passed" : 3,
                "failed" : 7,
                "failedMutations" : [ "slika-3: drag left by 5px", "slika-3: drag right by 5px", "slika-3: drag top by 5px", "slika-3: drag down by 5px", "slika-3: increase height by 5px", "slika-3: decrease height by 5px", "slika-3: move top edge down by 5px" ]
              },
              "slika-6" : {
                "passed" : 3,
                "failed" : 7,
                "failedMutations" : [ "slika-6: drag left by 5px", "slika-6: drag right by 5px", "slika-6: drag top by 5px", "slika-6: drag down by 5px", "slika-6: increase height by 5px", "slika-6: decrease height by 5px", "slika-6: move top edge down by 5px" ]
              },
              "slika-5" : {
                "passed" : 3,
                "failed" : 7,
                "failedMutations" : [ "slika-5: drag left by 5px", "slika-5: drag right by 5px", "slika-5: drag top by 5px", "slika-5: drag down by 5px", "slika-5: increase height by 5px", "slika-5: decrease height by 5px", "slika-5: move top edge down by 5px" ]
              }
            },
            "totalPassed" : 55,
            "totalFailed" : 85,
            "totalMutations" : 140,
            "failedRatio" : 60.714285714285715
          },
          "type" : "mutation"
        } ],
        "time" : 1573653563947,
        "type" : "node"
      } ],
      "time" : 1573653562051,
      "type" : "node"
    } ]
  }
}