{
  "testId" : "1-unos.gspec",
  "name" : "unos.gspec",
  "report" : {
    "nodes" : [ {
      "name" : "Mutation test",
      "status" : "info",
      "nodes" : [ {
        "name" : "check  unos.gspec --url file:///Users/vedad/fax/wt/wt1917336/unos.html --size 1200x800 --offset 5 --htmlreport mutation-report",
        "status" : "info",
        "nodes" : [ {
          "name" : "Check layout: unos.gspec included tags: ",
          "status" : "info",
          "time" : 1573654159992,
          "sections" : [ {
            "name" : "Sadrzaj",
            "place" : {
              "filePath" : "unos.gspec",
              "lineNumber" : 6
            },
            "objects" : [ {
              "name" : "labela-1",
              "specs" : [ {
                "status" : "info",
                "place" : {
                  "filePath" : "unos.gspec",
                  "lineNumber" : 9
                },
                "name" : "left-of input-1",
                "meta" : [ {
                  "from" : {
                    "object" : "labela-1",
                    "edge" : "right"
                  },
                  "to" : {
                    "object" : "input-1",
                    "edge" : "left"
                  },
                  "expectedDistance" : ">= 0px",
                  "realDistance" : "4px"
                } ],
                "highlight" : [ "labela-1", "input-1" ]
              } ]
            }, {
              "name" : "labela-2",
              "specs" : [ {
                "status" : "info",
                "place" : {
                  "filePath" : "unos.gspec",
                  "lineNumber" : 9
                },
                "name" : "left-of input-2",
                "meta" : [ {
                  "from" : {
                    "object" : "labela-2",
                    "edge" : "right"
                  },
                  "to" : {
                    "object" : "input-2",
                    "edge" : "left"
                  },
                  "expectedDistance" : ">= 0px",
                  "realDistance" : "4px"
                } ],
                "highlight" : [ "labela-2", "input-2" ]
              } ]
            }, {
              "name" : "labela-3",
              "specs" : [ {
                "status" : "info",
                "place" : {
                  "filePath" : "unos.gspec",
                  "lineNumber" : 9
                },
                "name" : "left-of input-3",
                "meta" : [ {
                  "from" : {
                    "object" : "labela-3",
                    "edge" : "right"
                  },
                  "to" : {
                    "object" : "input-3",
                    "edge" : "left"
                  },
                  "expectedDistance" : ">= 0px",
                  "realDistance" : "4px"
                } ],
                "highlight" : [ "labela-3", "input-3" ]
              } ]
            }, {
              "name" : "labela-4",
              "specs" : [ {
                "status" : "info",
                "place" : {
                  "filePath" : "unos.gspec",
                  "lineNumber" : 9
                },
                "name" : "left-of input-4",
                "meta" : [ {
                  "from" : {
                    "object" : "labela-4",
                    "edge" : "right"
                  },
                  "to" : {
                    "object" : "input-4",
                    "edge" : "left"
                  },
                  "expectedDistance" : ">= 0px",
                  "realDistance" : "4px"
                } ],
                "highlight" : [ "labela-4", "input-4" ]
              } ]
            }, {
              "name" : "submit",
              "specs" : [ {
                "status" : "info",
                "place" : {
                  "filePath" : "unos.gspec",
                  "lineNumber" : 11
                },
                "name" : "width 80px",
                "meta" : [ {
                  "from" : {
                    "object" : "submit",
                    "edge" : "left"
                  },
                  "to" : {
                    "object" : "submit",
                    "edge" : "right"
                  },
                  "expectedDistance" : "80px",
                  "realDistance" : "80px"
                } ],
                "highlight" : [ "submit" ]
              } ]
            } ]
          } ],
          "objects" : {
            "input-3" : {
              "area" : [ 395, 211, 414, 19 ]
            },
            "submit" : {
              "area" : [ 261, 264, 80, 18 ]
            },
            "input-4" : {
              "area" : [ 395, 235, 414, 19 ]
            },
            "labela-1" : {
              "area" : [ 261, 163, 130, 18 ]
            },
            "input-1" : {
              "area" : [ 395, 163, 414, 19 ]
            },
            "labela-2" : {
              "area" : [ 261, 187, 130, 18 ]
            },
            "input-2" : {
              "area" : [ 395, 187, 414, 19 ]
            },
            "labela-3" : {
              "area" : [ 261, 211, 130, 18 ]
            },
            "labela-4" : {
              "area" : [ 261, 235, 130, 18 ]
            }
          },
          "screenshot" : "layout-1-screenshot.png",
          "type" : "layout"
        }, {
          "name" : "Mutation testing: unos.gspec included tags: ",
          "status" : "error",
          "time" : 1573654159993,
          "mutationReport" : {
            "objectMutationStatistics" : {
              "input-3" : {
                "passed" : 1,
                "failed" : 9,
                "failedMutations" : [ "input-3: drag right by 5px", "input-3: drag top by 5px", "input-3: drag down by 5px", "input-3: increase width by 5px", "input-3: decrease width by 5px", "input-3: increase height by 5px", "input-3: decrease height by 5px", "input-3: move left edge right by 5px", "input-3: move top edge down by 5px" ]
              },
              "submit" : {
                "passed" : 3,
                "failed" : 7,
                "failedMutations" : [ "submit: drag left by 5px", "submit: drag right by 5px", "submit: drag top by 5px", "submit: drag down by 5px", "submit: increase height by 5px", "submit: decrease height by 5px", "submit: move top edge down by 5px" ]
              },
              "input-4" : {
                "passed" : 1,
                "failed" : 9,
                "failedMutations" : [ "input-4: drag right by 5px", "input-4: drag top by 5px", "input-4: drag down by 5px", "input-4: increase width by 5px", "input-4: decrease width by 5px", "input-4: increase height by 5px", "input-4: decrease height by 5px", "input-4: move left edge right by 5px", "input-4: move top edge down by 5px" ]
              },
              "labela-1" : {
                "passed" : 2,
                "failed" : 8,
                "failedMutations" : [ "labela-1: drag left by 5px", "labela-1: drag top by 5px", "labela-1: drag down by 5px", "labela-1: decrease width by 5px", "labela-1: increase height by 5px", "labela-1: decrease height by 5px", "labela-1: move left edge right by 5px", "labela-1: move top edge down by 5px" ]
              },
              "input-1" : {
                "passed" : 1,
                "failed" : 9,
                "failedMutations" : [ "input-1: drag right by 5px", "input-1: drag top by 5px", "input-1: drag down by 5px", "input-1: increase width by 5px", "input-1: decrease width by 5px", "input-1: increase height by 5px", "input-1: decrease height by 5px", "input-1: move left edge right by 5px", "input-1: move top edge down by 5px" ]
              },
              "labela-2" : {
                "passed" : 2,
                "failed" : 8,
                "failedMutations" : [ "labela-2: drag left by 5px", "labela-2: drag top by 5px", "labela-2: drag down by 5px", "labela-2: decrease width by 5px", "labela-2: increase height by 5px", "labela-2: decrease height by 5px", "labela-2: move left edge right by 5px", "labela-2: move top edge down by 5px" ]
              },
              "input-2" : {
                "passed" : 1,
                "failed" : 9,
                "failedMutations" : [ "input-2: drag right by 5px", "input-2: drag top by 5px", "input-2: drag down by 5px", "input-2: increase width by 5px", "input-2: decrease width by 5px", "input-2: increase height by 5px", "input-2: decrease height by 5px", "input-2: move left edge right by 5px", "input-2: move top edge down by 5px" ]
              },
              "labela-3" : {
                "passed" : 2,
                "failed" : 8,
                "failedMutations" : [ "labela-3: drag left by 5px", "labela-3: drag top by 5px", "labela-3: drag down by 5px", "labela-3: decrease width by 5px", "labela-3: increase height by 5px", "labela-3: decrease height by 5px", "labela-3: move left edge right by 5px", "labela-3: move top edge down by 5px" ]
              },
              "labela-4" : {
                "passed" : 2,
                "failed" : 8,
                "failedMutations" : [ "labela-4: drag left by 5px", "labela-4: drag top by 5px", "labela-4: drag down by 5px", "labela-4: decrease width by 5px", "labela-4: increase height by 5px", "labela-4: decrease height by 5px", "labela-4: move left edge right by 5px", "labela-4: move top edge down by 5px" ]
              }
            },
            "totalPassed" : 15,
            "totalFailed" : 75,
            "totalMutations" : 90,
            "failedRatio" : 83.33333333333333
          },
          "type" : "mutation"
        } ],
        "time" : 1573654157428,
        "type" : "node"
      } ],
      "time" : 1573654155764,
      "type" : "node"
    } ]
  }
}