{"periodicna":[{"dan":3,"semestar":"zimski","pocetak":"12:00","kraj":"13:00","naziv":"0-01","predavac":"NB"},{"dan":2,"semestar":"zimski","pocetak":"12:00","kraj":"13:00","naziv":"0-01","predavac":"NB"},{"dan":0,"semestar":"zimski","pocetak":"12:00","kraj":"13:00","naziv":"0-01","predavac":"NB"},{"dan":0,"semestar":"zimski","pocetak":"12:00","kraj":"13:00","naziv":"1-06","predavac":"NB"},{"dan":1,"semestar":"zimski","pocetak":"12:00","kraj":"13:00","naziv":"1-06","predavac":"NB"},{"dan":2,"semestar":"zimski","pocetak":"12:00","kraj":"13:00","naziv":"1-06","predavac":"NB"},{"dan":3,"semestar":"zimski","pocetak":"12:00","kraj":"13:00","naziv":"1-06","predavac":"NB"},{"dan":4,"semestar":"zimski","pocetak":"12:00","kraj":"13:00","naziv":"1-06","predavac":"NB"},{"dan":5,"semestar":"zimski","pocetak":"12:00","kraj":"13:00","naziv":"1-06","predavac":"NB"},{"dan":6,"semestar":"zimski","pocetak":"12:00","kraj":"13:00","naziv":"1-06","predavac":"NB"},{"dan":0,"semestar":"zimski","pocetak":"12:00","kraj":"13:00","naziv":"VA1","predavac":"NB"},{"dan":5,"semestar":"zimski","pocetak":"12:00","kraj":"13:00","naziv":"0-01","predavac":"NB"}],"vanredna":[{"datum":"21.11.2019","pocetak":"12:00","kraj":"13:30","naziv":"1-01","predavac":"NB"},{"datum":"5.7.2019","pocetak":"12:00","kraj":"14:00","naziv":"MA","predavac":"NB"},{"datum":"20.12.2019","pocetak":"13:00","kraj":"15:00","naziv":"0-01","predavac":"NB"},{"datum":"18.12.2019","pocetak":"02:00","kraj":"03:00","naziv":"0-01","predavac":"NB"},{"datum":"24.12.2019","pocetak":"12:00","kraj":"13:00","naziv":"0-01","predavac":"NB"},{"datum":"22.12.2019","pocetak":"12:00","kraj":"13:00","naziv":"0-01","predavac":"NB"},{"datum":"29.12.2019","pocetak":"12:00","kraj":"13:00","naziv":"0-01","predavac":"NB"},{"datum":"1.12.2019","pocetak":"03:00","kraj":"04:00","naziv":"0-01","predavac":"NB"},{"datum":"2.12.2019","pocetak":"12:00","kraj":"13:00","naziv":"VA1","predavac":"NB"},{"datum":"16.11.2019","pocetak":"12:00","kraj":"13:00","naziv":"VA1","predavac":"NB"},{"datum":"19.1.2020","pocetak":"12:00","kraj":"13:00","naziv":"0-01","predavac":"NB"}]}