{
  "testId" : "1-mobilerezervacija.gspec",
  "name" : "mobileRezervacija.gspec",
  "report" : {
    "nodes" : [ {
      "name" : "Mutation test",
      "status" : "info",
      "nodes" : [ {
        "name" : "check  mobileRezervacija.gspec --url http://localhost/html-css/rezervacija.html --size 500x768 --offset 5 --htmlreport izvjestajiMobileRezervacijaPokrivenost",
        "status" : "info",
        "nodes" : [ {
          "name" : "Check layout: mobileRezervacija.gspec included tags: ",
          "status" : "info",
          "time" : 1573658770727,
          "sections" : [ {
            "name" : "Meni",
            "place" : {
              "filePath" : "mobileRezervacija.gspec",
              "lineNumber" : 17
            },
            "objects" : [ {
              "name" : "meni",
              "specs" : [ {
                "status" : "info",
                "place" : {
                  "filePath" : "mobileRezervacija.gspec",
                  "lineNumber" : 19
                },
                "name" : "contains linkovi",
                "highlight" : [ "meni", "linkovi" ]
              }, {
                "status" : "info",
                "place" : {
                  "filePath" : "mobileRezervacija.gspec",
                  "lineNumber" : 20
                },
                "name" : "height > 20px",
                "meta" : [ {
                  "from" : {
                    "object" : "meni",
                    "edge" : "top"
                  },
                  "to" : {
                    "object" : "meni",
                    "edge" : "bottom"
                  },
                  "expectedDistance" : "> 20px",
                  "realDistance" : "144px"
                } ],
                "highlight" : [ "meni" ]
              } ]
            }, {
              "name" : "logo",
              "specs" : [ {
                "status" : "info",
                "place" : {
                  "filePath" : "mobileRezervacija.gspec",
                  "lineNumber" : 23
                },
                "name" : "above sadrzaj",
                "meta" : [ {
                  "from" : {
                    "object" : "logo",
                    "edge" : "bottom"
                  },
                  "to" : {
                    "object" : "sadrzaj",
                    "edge" : "top"
                  },
                  "expectedDistance" : ">= 0px",
                  "realDistance" : "129px"
                } ],
                "highlight" : [ "logo", "sadrzaj" ]
              }, {
                "status" : "info",
                "place" : {
                  "filePath" : "mobileRezervacija.gspec",
                  "lineNumber" : 24
                },
                "name" : "centered horizontally inside sadrzaj 50px",
                "highlight" : [ "logo", "sadrzaj" ]
              }, {
                "status" : "info",
                "place" : {
                  "filePath" : "mobileRezervacija.gspec",
                  "lineNumber" : 25
                },
                "name" : "height 20 to 100px",
                "meta" : [ {
                  "from" : {
                    "object" : "logo",
                    "edge" : "top"
                  },
                  "to" : {
                    "object" : "logo",
                    "edge" : "bottom"
                  },
                  "expectedDistance" : "20 to 100px",
                  "realDistance" : "50px"
                } ],
                "highlight" : [ "logo" ]
              }, {
                "status" : "info",
                "place" : {
                  "filePath" : "mobileRezervacija.gspec",
                  "lineNumber" : 26
                },
                "name" : "width 20 to 100px",
                "meta" : [ {
                  "from" : {
                    "object" : "logo",
                    "edge" : "left"
                  },
                  "to" : {
                    "object" : "logo",
                    "edge" : "right"
                  },
                  "expectedDistance" : "20 to 100px",
                  "realDistance" : "50px"
                } ],
                "highlight" : [ "logo" ]
              } ]
            }, {
              "name" : "linkovi",
              "specs" : [ {
                "status" : "info",
                "place" : {
                  "filePath" : "mobileRezervacija.gspec",
                  "lineNumber" : 29
                },
                "name" : "below logo",
                "meta" : [ {
                  "from" : {
                    "object" : "linkovi",
                    "edge" : "top"
                  },
                  "to" : {
                    "object" : "logo",
                    "edge" : "bottom"
                  },
                  "expectedDistance" : ">= 0px",
                  "realDistance" : "17px"
                } ],
                "highlight" : [ "linkovi", "logo" ]
              } ]
            }, {
              "name" : "listItem",
              "specs" : [ {
                "status" : "info",
                "place" : {
                  "filePath" : "mobileRezervacija.gspec",
                  "lineNumber" : 32
                },
                "name" : "css display is \"block\"",
                "highlight" : [ "listItem" ]
              } ]
            } ]
          }, {
            "name" : "Sadrzaj",
            "place" : {
              "filePath" : "mobileRezervacija.gspec",
              "lineNumber" : 34
            },
            "objects" : [ {
              "name" : "sadrzaj",
              "specs" : [ {
                "status" : "info",
                "place" : {
                  "filePath" : "mobileRezervacija.gspec",
                  "lineNumber" : 37
                },
                "name" : "below meni",
                "meta" : [ {
                  "from" : {
                    "object" : "sadrzaj",
                    "edge" : "top"
                  },
                  "to" : {
                    "object" : "meni",
                    "edge" : "bottom"
                  },
                  "expectedDistance" : ">= 0px",
                  "realDistance" : "10px"
                } ],
                "highlight" : [ "sadrzaj", "meni" ]
              }, {
                "status" : "info",
                "place" : {
                  "filePath" : "mobileRezervacija.gspec",
                  "lineNumber" : 38
                },
                "name" : "contains kalendar",
                "highlight" : [ "sadrzaj", "kalendar" ]
              } ]
            }, {
              "name" : "kalendar",
              "specs" : [ {
                "status" : "info",
                "place" : {
                  "filePath" : "mobileRezervacija.gspec",
                  "lineNumber" : 41
                },
                "name" : "contains kalendarMjesec",
                "highlight" : [ "kalendar", "kalendarMjesec" ]
              }, {
                "status" : "info",
                "place" : {
                  "filePath" : "mobileRezervacija.gspec",
                  "lineNumber" : 42
                },
                "name" : "contains kalendarDatum",
                "highlight" : [ "kalendar", "kalendarDatum" ]
              }, {
                "status" : "info",
                "place" : {
                  "filePath" : "mobileRezervacija.gspec",
                  "lineNumber" : 43
                },
                "name" : "width < 300px",
                "meta" : [ {
                  "from" : {
                    "object" : "kalendar",
                    "edge" : "left"
                  },
                  "to" : {
                    "object" : "kalendar",
                    "edge" : "right"
                  },
                  "expectedDistance" : "< 300px",
                  "realDistance" : "150px"
                } ],
                "highlight" : [ "kalendar" ]
              }, {
                "status" : "info",
                "place" : {
                  "filePath" : "mobileRezervacija.gspec",
                  "lineNumber" : 44
                },
                "name" : "above dugme 0 to 300px",
                "meta" : [ {
                  "from" : {
                    "object" : "kalendar",
                    "edge" : "bottom"
                  },
                  "to" : {
                    "object" : "dugme",
                    "edge" : "top"
                  },
                  "expectedDistance" : "0 to 300px",
                  "realDistance" : "8px"
                } ],
                "highlight" : [ "kalendar", "dugme" ]
              } ]
            }, {
              "name" : "kalendarDatum",
              "specs" : [ {
                "status" : "info",
                "place" : {
                  "filePath" : "mobileRezervacija.gspec",
                  "lineNumber" : 47
                },
                "name" : "css display is \"block\"",
                "highlight" : [ "kalendarDatum" ]
              } ]
            }, {
              "name" : "kalendarDan",
              "specs" : [ {
                "status" : "info",
                "place" : {
                  "filePath" : "mobileRezervacija.gspec",
                  "lineNumber" : 50
                },
                "name" : "text is \"PON\"",
                "highlight" : [ "kalendarDan" ]
              } ]
            }, {
              "name" : "dugme",
              "specs" : [ {
                "status" : "info",
                "place" : {
                  "filePath" : "mobileRezervacija.gspec",
                  "lineNumber" : 53
                },
                "name" : "width 20 to 100px",
                "meta" : [ {
                  "from" : {
                    "object" : "dugme",
                    "edge" : "left"
                  },
                  "to" : {
                    "object" : "dugme",
                    "edge" : "right"
                  },
                  "expectedDistance" : "20 to 100px",
                  "realDistance" : "90px"
                } ],
                "highlight" : [ "dugme" ]
              }, {
                "status" : "info",
                "place" : {
                  "filePath" : "mobileRezervacija.gspec",
                  "lineNumber" : 54
                },
                "name" : "inside sadrzaj",
                "meta" : [ ],
                "highlight" : [ "dugme", "sadrzaj" ]
              } ]
            } ]
          } ],
          "objects" : {
            "meni" : {
              "area" : [ 58, 50, 355, 144 ]
            },
            "listItem" : {
              "area" : [ 124, 92, 223, 18 ]
            },
            "linkovi" : {
              "area" : [ 84, 92, 303, 90 ]
            },
            "kalendarDan" : {
              "area" : [ 182, 398, 54, 29 ]
            },
            "logo" : {
              "area" : [ 235, 25, 50, 50 ]
            },
            "dugme" : {
              "area" : [ 179, 684, 90, 40 ]
            },
            "sadrzaj" : {
              "area" : [ 58, 204, 355, 619 ]
            },
            "kalendar" : {
              "area" : [ 160, 332, 150, 344 ]
            },
            "kalendarMjesec" : {
              "area" : [ 182, 342, 126, 22 ]
            },
            "kalendarDatum" : {
              "area" : [ 162, 368, 146, 306 ]
            }
          },
          "screenshot" : "layout-1-screenshot.png",
          "type" : "layout"
        }, {
          "name" : "Mutation testing: mobileRezervacija.gspec included tags: ",
          "status" : "info",
          "time" : 1573658770728,
          "mutationReport" : {
            "objectMutationStatistics" : {
              "meni" : {
                "passed" : 10,
                "failed" : 0,
                "failedMutations" : [ ]
              },
              "listItem" : {
                "passed" : 10,
                "failed" : 0,
                "failedMutations" : [ ]
              },
              "linkovi" : {
                "passed" : 10,
                "failed" : 0,
                "failedMutations" : [ ]
              },
              "kalendarDan" : {
                "passed" : 10,
                "failed" : 0,
                "failedMutations" : [ ]
              },
              "logo" : {
                "passed" : 10,
                "failed" : 0,
                "failedMutations" : [ ]
              },
              "dugme" : {
                "passed" : 10,
                "failed" : 0,
                "failedMutations" : [ ]
              },
              "sadrzaj" : {
                "passed" : 10,
                "failed" : 0,
                "failedMutations" : [ ]
              },
              "kalendar" : {
                "passed" : 10,
                "failed" : 0,
                "failedMutations" : [ ]
              },
              "kalendarMjesec" : {
                "passed" : 10,
                "failed" : 0,
                "failedMutations" : [ ]
              },
              "kalendarDatum" : {
                "passed" : 10,
                "failed" : 0,
                "failedMutations" : [ ]
              }
            },
            "totalPassed" : 100,
            "totalFailed" : 0,
            "failedRatio" : 0.0,
            "totalMutations" : 100
          },
          "type" : "mutation"
        } ],
        "time" : 1573658766328,
        "type" : "node"
      } ],
      "time" : 1573658759782,
      "type" : "node"
    } ]
  }
}