{
  "testId" : "1-sale.gspec",
  "name" : "sale.gspec",
  "report" : {
    "nodes" : [ {
      "name" : "Mutation test",
      "status" : "info",
      "nodes" : [ {
        "name" : "check  sale.gspec --url http://localhost/html-css/sale.html --size 1024x768 --offset 5 --htmlreport izvjestajiSalePokrivenost",
        "status" : "info",
        "nodes" : [ {
          "name" : "Check layout: sale.gspec included tags: ",
          "status" : "info",
          "time" : 1573658293577,
          "sections" : [ {
            "name" : "Meni",
            "place" : {
              "filePath" : "sale.gspec",
              "lineNumber" : 17
            },
            "objects" : [ {
              "name" : "meni",
              "specs" : [ {
                "status" : "info",
                "place" : {
                  "filePath" : "sale.gspec",
                  "lineNumber" : 19
                },
                "name" : "contains linkovi",
                "highlight" : [ "meni", "linkovi" ]
              }, {
                "status" : "info",
                "place" : {
                  "filePath" : "sale.gspec",
                  "lineNumber" : 20
                },
                "name" : "height > 20px",
                "meta" : [ {
                  "from" : {
                    "object" : "meni",
                    "edge" : "top"
                  },
                  "to" : {
                    "object" : "meni",
                    "edge" : "bottom"
                  },
                  "expectedDistance" : "> 20px",
                  "realDistance" : "72px"
                } ],
                "highlight" : [ "meni" ]
              } ]
            }, {
              "name" : "logo",
              "specs" : [ {
                "status" : "info",
                "place" : {
                  "filePath" : "sale.gspec",
                  "lineNumber" : 23
                },
                "name" : "above sadrzaj",
                "meta" : [ {
                  "from" : {
                    "object" : "logo",
                    "edge" : "bottom"
                  },
                  "to" : {
                    "object" : "sadrzaj",
                    "edge" : "top"
                  },
                  "expectedDistance" : ">= 0px",
                  "realDistance" : "57px"
                } ],
                "highlight" : [ "logo", "sadrzaj" ]
              }, {
                "status" : "info",
                "place" : {
                  "filePath" : "sale.gspec",
                  "lineNumber" : 24
                },
                "name" : "centered horizontally inside sadrzaj 50px",
                "highlight" : [ "logo", "sadrzaj" ]
              }, {
                "status" : "info",
                "place" : {
                  "filePath" : "sale.gspec",
                  "lineNumber" : 25
                },
                "name" : "height 20 to 100px",
                "meta" : [ {
                  "from" : {
                    "object" : "logo",
                    "edge" : "top"
                  },
                  "to" : {
                    "object" : "logo",
                    "edge" : "bottom"
                  },
                  "expectedDistance" : "20 to 100px",
                  "realDistance" : "50px"
                } ],
                "highlight" : [ "logo" ]
              }, {
                "status" : "info",
                "place" : {
                  "filePath" : "sale.gspec",
                  "lineNumber" : 26
                },
                "name" : "width 20 to 100px",
                "meta" : [ {
                  "from" : {
                    "object" : "logo",
                    "edge" : "left"
                  },
                  "to" : {
                    "object" : "logo",
                    "edge" : "right"
                  },
                  "expectedDistance" : "20 to 100px",
                  "realDistance" : "50px"
                } ],
                "highlight" : [ "logo" ]
              } ]
            }, {
              "name" : "linkovi",
              "specs" : [ {
                "status" : "info",
                "place" : {
                  "filePath" : "sale.gspec",
                  "lineNumber" : 29
                },
                "name" : "below logo",
                "meta" : [ {
                  "from" : {
                    "object" : "linkovi",
                    "edge" : "top"
                  },
                  "to" : {
                    "object" : "logo",
                    "edge" : "bottom"
                  },
                  "expectedDistance" : ">= 0px",
                  "realDistance" : "17px"
                } ],
                "highlight" : [ "linkovi", "logo" ]
              } ]
            }, {
              "name" : "listItem",
              "specs" : [ {
                "status" : "info",
                "place" : {
                  "filePath" : "sale.gspec",
                  "lineNumber" : 32
                },
                "name" : "css display is \"inline\"",
                "highlight" : [ "listItem" ]
              } ]
            } ]
          }, {
            "name" : "Sadrzaj",
            "place" : {
              "filePath" : "sale.gspec",
              "lineNumber" : 34
            },
            "objects" : [ {
              "name" : "sadrzaj",
              "specs" : [ {
                "status" : "info",
                "place" : {
                  "filePath" : "sale.gspec",
                  "lineNumber" : 37
                },
                "name" : "below meni",
                "meta" : [ {
                  "from" : {
                    "object" : "sadrzaj",
                    "edge" : "top"
                  },
                  "to" : {
                    "object" : "meni",
                    "edge" : "bottom"
                  },
                  "expectedDistance" : ">= 0px",
                  "realDistance" : "10px"
                } ],
                "highlight" : [ "sadrzaj", "meni" ]
              } ]
            }, {
              "name" : "tabelaSala",
              "specs" : [ {
                "status" : "info",
                "place" : {
                  "filePath" : "sale.gspec",
                  "lineNumber" : 40
                },
                "name" : "centered horizontally inside sadrzaj",
                "highlight" : [ "tabelaSala", "sadrzaj" ]
              }, {
                "status" : "info",
                "place" : {
                  "filePath" : "sale.gspec",
                  "lineNumber" : 41
                },
                "name" : "contains slobodnaSala, zauzetaSala, kancelarija",
                "highlight" : [ "tabelaSala", "slobodnaSala", "zauzetaSala", "kancelarija" ]
              } ]
            }, {
              "name" : "headerSprat",
              "specs" : [ {
                "status" : "info",
                "place" : {
                  "filePath" : "sale.gspec",
                  "lineNumber" : 44
                },
                "name" : "text is \"Spratovi\"",
                "highlight" : [ "headerSprat" ]
              }, {
                "status" : "info",
                "place" : {
                  "filePath" : "sale.gspec",
                  "lineNumber" : 45
                },
                "name" : "height > 0px",
                "meta" : [ {
                  "from" : {
                    "object" : "headerSprat",
                    "edge" : "top"
                  },
                  "to" : {
                    "object" : "headerSprat",
                    "edge" : "bottom"
                  },
                  "expectedDistance" : "> 0px",
                  "realDistance" : "56px"
                } ],
                "highlight" : [ "headerSprat" ]
              } ]
            }, {
              "name" : "headerRedni",
              "specs" : [ {
                "status" : "info",
                "place" : {
                  "filePath" : "sale.gspec",
                  "lineNumber" : 48
                },
                "name" : "text is \"Redni broj\"",
                "highlight" : [ "headerRedni" ]
              }, {
                "status" : "info",
                "place" : {
                  "filePath" : "sale.gspec",
                  "lineNumber" : 49
                },
                "name" : "height > 0px",
                "meta" : [ {
                  "from" : {
                    "object" : "headerRedni",
                    "edge" : "top"
                  },
                  "to" : {
                    "object" : "headerRedni",
                    "edge" : "bottom"
                  },
                  "expectedDistance" : "> 0px",
                  "realDistance" : "56px"
                } ],
                "highlight" : [ "headerRedni" ]
              } ]
            } ]
          } ],
          "objects" : {
            "meni" : {
              "area" : [ 58, 50, 896, 72 ]
            },
            "listItem" : {
              "area" : [ 357, 92, 58, 17 ]
            },
            "headerSprat" : {
              "area" : [ 425, 149, 245, 56 ]
            },
            "zauzetaSala" : {
              "area" : [ 609, 302, 61, 41 ]
            },
            "linkovi" : {
              "area" : [ 84, 92, 844, 18 ]
            },
            "logo" : {
              "area" : [ 506, 25, 50, 50 ]
            },
            "headerRedni" : {
              "area" : [ 342, 205, 83, 56 ]
            },
            "sadrzaj" : {
              "area" : [ 58, 132, 896, 509 ]
            },
            "kancelarija" : {
              "area" : [ 471, 548, 46, 41 ]
            },
            "tabelaSala" : {
              "area" : [ 341, 148, 329, 482 ]
            },
            "slobodnaSala" : {
              "area" : [ 609, 261, 61, 41 ]
            }
          },
          "screenshot" : "layout-1-screenshot.png",
          "type" : "layout"
        }, {
          "name" : "Mutation testing: sale.gspec included tags: ",
          "status" : "info",
          "time" : 1573658293577,
          "mutationReport" : {
            "objectMutationStatistics" : {
              "meni" : {
                "passed" : 10,
                "failed" : 0,
                "failedMutations" : [ ]
              },
              "listItem" : {
                "passed" : 10,
                "failed" : 0,
                "failedMutations" : [ ]
              },
              "headerSprat" : {
                "passed" : 10,
                "failed" : 0,
                "failedMutations" : [ ]
              },
              "zauzetaSala" : {
                "passed" : 10,
                "failed" : 0,
                "failedMutations" : [ ]
              },
              "linkovi" : {
                "passed" : 10,
                "failed" : 0,
                "failedMutations" : [ ]
              },
              "logo" : {
                "passed" : 10,
                "failed" : 0,
                "failedMutations" : [ ]
              },
              "headerRedni" : {
                "passed" : 10,
                "failed" : 0,
                "failedMutations" : [ ]
              },
              "sadrzaj" : {
                "passed" : 10,
                "failed" : 0,
                "failedMutations" : [ ]
              },
              "kancelarija" : {
                "passed" : 10,
                "failed" : 0,
                "failedMutations" : [ ]
              },
              "tabelaSala" : {
                "passed" : 10,
                "failed" : 0,
                "failedMutations" : [ ]
              },
              "slobodnaSala" : {
                "passed" : 10,
                "failed" : 0,
                "failedMutations" : [ ]
              }
            },
            "totalPassed" : 110,
            "totalFailed" : 0,
            "totalMutations" : 110,
            "failedRatio" : 0.0
          },
          "type" : "mutation"
        } ],
        "time" : 1573658289655,
        "type" : "node"
      } ],
      "time" : 1573658283165,
      "type" : "node"
    } ]
  }
}