{
  "testId" : "1-mobileunos.gspec",
  "name" : "mobileUnos.gspec",
  "report" : {
    "nodes" : [ {
      "name" : "Simple check",
      "status" : "info",
      "nodes" : [ {
        "name" : "check  mobileUnos.gspec --url http://localhost/unos.html --size 320x600 --htmlreport izvjestajMobileUnos",
        "status" : "info",
        "nodes" : [ {
          "name" : "Check layout: mobileUnos.gspec included tags: ",
          "status" : "info",
          "time" : 1573513123839,
          "sections" : [ {
            "name" : "Meni section",
            "place" : {
              "filePath" : "mobileUnos.gspec",
              "lineNumber" : 13
            },
            "objects" : [ {
              "name" : "meni",
              "specs" : [ {
                "status" : "info",
                "place" : {
                  "filePath" : "mobileUnos.gspec",
                  "lineNumber" : 15
                },
                "name" : "above sadrzaj 10px",
                "meta" : [ {
                  "from" : {
                    "object" : "meni",
                    "edge" : "bottom"
                  },
                  "to" : {
                    "object" : "sadrzaj",
                    "edge" : "top"
                  },
                  "expectedDistance" : "10px",
                  "realDistance" : "10px"
                } ],
                "highlight" : [ "meni", "sadrzaj" ]
              }, {
                "status" : "info",
                "place" : {
                  "filePath" : "mobileUnos.gspec",
                  "lineNumber" : 16
                },
                "name" : "contains partly logo",
                "highlight" : [ "meni", "logo" ]
              }, {
                "status" : "info",
                "place" : {
                  "filePath" : "mobileUnos.gspec",
                  "lineNumber" : 17
                },
                "name" : "contains lista_linkova",
                "highlight" : [ "meni", "lista_linkova" ]
              } ]
            }, {
              "name" : "logo",
              "specs" : [ {
                "status" : "info",
                "place" : {
                  "filePath" : "mobileUnos.gspec",
                  "lineNumber" : 21
                },
                "name" : "centered horizontally inside meni",
                "highlight" : [ "logo", "meni" ]
              }, {
                "status" : "info",
                "place" : {
                  "filePath" : "mobileUnos.gspec",
                  "lineNumber" : 22
                },
                "name" : "on top edge meni ~40px top",
                "highlight" : [ "logo", "meni" ]
              }, {
                "status" : "info",
                "place" : {
                  "filePath" : "mobileUnos.gspec",
                  "lineNumber" : 23
                },
                "name" : "height 80px",
                "meta" : [ {
                  "from" : {
                    "object" : "logo",
                    "edge" : "top"
                  },
                  "to" : {
                    "object" : "logo",
                    "edge" : "bottom"
                  },
                  "expectedDistance" : "80px",
                  "realDistance" : "80px"
                } ],
                "highlight" : [ "logo" ]
              }, {
                "status" : "info",
                "place" : {
                  "filePath" : "mobileUnos.gspec",
                  "lineNumber" : 24
                },
                "name" : "contains slika",
                "highlight" : [ "logo", "slika" ]
              } ]
            }, {
              "name" : "slika",
              "specs" : [ {
                "status" : "info",
                "place" : {
                  "filePath" : "mobileUnos.gspec",
                  "lineNumber" : 27
                },
                "name" : "inside logo",
                "meta" : [ ],
                "highlight" : [ "slika", "logo" ]
              }, {
                "status" : "info",
                "place" : {
                  "filePath" : "mobileUnos.gspec",
                  "lineNumber" : 28
                },
                "name" : "height 100 % of logo/height",
                "meta" : [ {
                  "from" : {
                    "object" : "slika",
                    "edge" : "top"
                  },
                  "to" : {
                    "object" : "slika",
                    "edge" : "bottom"
                  },
                  "expectedDistance" : "100% [80px]",
                  "realDistance" : "100% [80px]"
                } ],
                "highlight" : [ "slika" ]
              }, {
                "status" : "info",
                "place" : {
                  "filePath" : "mobileUnos.gspec",
                  "lineNumber" : 29
                },
                "name" : "width 100 % of logo/width",
                "meta" : [ {
                  "from" : {
                    "object" : "slika",
                    "edge" : "left"
                  },
                  "to" : {
                    "object" : "slika",
                    "edge" : "right"
                  },
                  "expectedDistance" : "100% [79px]",
                  "realDistance" : "100% [79px]"
                } ],
                "highlight" : [ "slika" ]
              } ]
            }, {
              "name" : "lista_linkova",
              "specs" : [ {
                "status" : "info",
                "place" : {
                  "filePath" : "mobileUnos.gspec",
                  "lineNumber" : 32
                },
                "name" : "inside meni 1px bottom left right, ~45px top",
                "meta" : [ {
                  "from" : {
                    "object" : "lista_linkova",
                    "edge" : "bottom"
                  },
                  "to" : {
                    "object" : "meni",
                    "edge" : "bottom"
                  },
                  "expectedDistance" : "1px",
                  "realDistance" : "1px"
                }, {
                  "from" : {
                    "object" : "lista_linkova",
                    "edge" : "left"
                  },
                  "to" : {
                    "object" : "meni",
                    "edge" : "left"
                  },
                  "expectedDistance" : "1px",
                  "realDistance" : "1px"
                }, {
                  "from" : {
                    "object" : "lista_linkova",
                    "edge" : "right"
                  },
                  "to" : {
                    "object" : "meni",
                    "edge" : "right"
                  },
                  "expectedDistance" : "1px",
                  "realDistance" : "1px"
                }, {
                  "from" : {
                    "object" : "lista_linkova",
                    "edge" : "top"
                  },
                  "to" : {
                    "object" : "meni",
                    "edge" : "top"
                  },
                  "expectedDistance" : "43 to 47px",
                  "realDistance" : "46px"
                } ],
                "highlight" : [ "lista_linkova", "meni" ]
              }, {
                "status" : "info",
                "place" : {
                  "filePath" : "mobileUnos.gspec",
                  "lineNumber" : 33
                },
                "name" : "below logo",
                "meta" : [ {
                  "from" : {
                    "object" : "lista_linkova",
                    "edge" : "top"
                  },
                  "to" : {
                    "object" : "logo",
                    "edge" : "bottom"
                  },
                  "expectedDistance" : ">= 0px",
                  "realDistance" : "5px"
                } ],
                "highlight" : [ "lista_linkova", "logo" ]
              }, {
                "status" : "info",
                "place" : {
                  "filePath" : "mobileUnos.gspec",
                  "lineNumber" : 34
                },
                "name" : "width ~100% of meni/width",
                "meta" : [ {
                  "from" : {
                    "object" : "lista_linkova",
                    "edge" : "left"
                  },
                  "to" : {
                    "object" : "lista_linkova",
                    "edge" : "right"
                  },
                  "expectedDistance" : "98 to 102% [269 to 280px]",
                  "realDistance" : "99% [273px]"
                } ],
                "highlight" : [ "lista_linkova" ]
              } ]
            }, {
              "name" : "link-1",
              "specs" : [ {
                "status" : "info",
                "place" : {
                  "filePath" : "mobileUnos.gspec",
                  "lineNumber" : 39
                },
                "name" : "above link-2 8px",
                "meta" : [ {
                  "from" : {
                    "object" : "link-1",
                    "edge" : "bottom"
                  },
                  "to" : {
                    "object" : "link-2",
                    "edge" : "top"
                  },
                  "expectedDistance" : "8px",
                  "realDistance" : "8px"
                } ],
                "highlight" : [ "link-1", "link-2" ]
              }, {
                "status" : "info",
                "place" : {
                  "filePath" : "mobileUnos.gspec",
                  "lineNumber" : 40
                },
                "name" : "aligned vertically left link-2",
                "highlight" : [ "link-1", "link-2" ]
              }, {
                "status" : "info",
                "place" : {
                  "filePath" : "mobileUnos.gspec",
                  "lineNumber" : 41
                },
                "name" : "aligned vertically left lista_linkova 20px",
                "highlight" : [ "link-1", "lista_linkova" ]
              }, {
                "status" : "info",
                "place" : {
                  "filePath" : "mobileUnos.gspec",
                  "lineNumber" : 42
                },
                "name" : "height 17px",
                "meta" : [ {
                  "from" : {
                    "object" : "link-1",
                    "edge" : "top"
                  },
                  "to" : {
                    "object" : "link-1",
                    "edge" : "bottom"
                  },
                  "expectedDistance" : "17px",
                  "realDistance" : "17px"
                } ],
                "highlight" : [ "link-1" ]
              }, {
                "status" : "info",
                "place" : {
                  "filePath" : "mobileUnos.gspec",
                  "lineNumber" : 45
                },
                "name" : "width 55px",
                "meta" : [ {
                  "from" : {
                    "object" : "link-1",
                    "edge" : "left"
                  },
                  "to" : {
                    "object" : "link-1",
                    "edge" : "right"
                  },
                  "expectedDistance" : "55px",
                  "realDistance" : "55px"
                } ],
                "highlight" : [ "link-1" ]
              } ]
            }, {
              "name" : "link-2",
              "specs" : [ {
                "status" : "info",
                "place" : {
                  "filePath" : "mobileUnos.gspec",
                  "lineNumber" : 39
                },
                "name" : "above link-3 8px",
                "meta" : [ {
                  "from" : {
                    "object" : "link-2",
                    "edge" : "bottom"
                  },
                  "to" : {
                    "object" : "link-3",
                    "edge" : "top"
                  },
                  "expectedDistance" : "8px",
                  "realDistance" : "8px"
                } ],
                "highlight" : [ "link-2", "link-3" ]
              }, {
                "status" : "info",
                "place" : {
                  "filePath" : "mobileUnos.gspec",
                  "lineNumber" : 40
                },
                "name" : "aligned vertically left link-3",
                "highlight" : [ "link-2", "link-3" ]
              }, {
                "status" : "info",
                "place" : {
                  "filePath" : "mobileUnos.gspec",
                  "lineNumber" : 41
                },
                "name" : "aligned vertically left lista_linkova 20px",
                "highlight" : [ "link-2", "lista_linkova" ]
              }, {
                "status" : "info",
                "place" : {
                  "filePath" : "mobileUnos.gspec",
                  "lineNumber" : 42
                },
                "name" : "height 17px",
                "meta" : [ {
                  "from" : {
                    "object" : "link-2",
                    "edge" : "top"
                  },
                  "to" : {
                    "object" : "link-2",
                    "edge" : "bottom"
                  },
                  "expectedDistance" : "17px",
                  "realDistance" : "17px"
                } ],
                "highlight" : [ "link-2" ]
              }, {
                "status" : "info",
                "place" : {
                  "filePath" : "mobileUnos.gspec",
                  "lineNumber" : 48
                },
                "name" : "width 29px",
                "meta" : [ {
                  "from" : {
                    "object" : "link-2",
                    "edge" : "left"
                  },
                  "to" : {
                    "object" : "link-2",
                    "edge" : "right"
                  },
                  "expectedDistance" : "29px",
                  "realDistance" : "29px"
                } ],
                "highlight" : [ "link-2" ]
              } ]
            }, {
              "name" : "link-3",
              "specs" : [ {
                "status" : "info",
                "place" : {
                  "filePath" : "mobileUnos.gspec",
                  "lineNumber" : 39
                },
                "name" : "above link-4 8px",
                "meta" : [ {
                  "from" : {
                    "object" : "link-3",
                    "edge" : "bottom"
                  },
                  "to" : {
                    "object" : "link-4",
                    "edge" : "top"
                  },
                  "expectedDistance" : "8px",
                  "realDistance" : "8px"
                } ],
                "highlight" : [ "link-3", "link-4" ]
              }, {
                "status" : "info",
                "place" : {
                  "filePath" : "mobileUnos.gspec",
                  "lineNumber" : 40
                },
                "name" : "aligned vertically left link-4",
                "highlight" : [ "link-3", "link-4" ]
              }, {
                "status" : "info",
                "place" : {
                  "filePath" : "mobileUnos.gspec",
                  "lineNumber" : 41
                },
                "name" : "aligned vertically left lista_linkova 20px",
                "highlight" : [ "link-3", "lista_linkova" ]
              }, {
                "status" : "info",
                "place" : {
                  "filePath" : "mobileUnos.gspec",
                  "lineNumber" : 42
                },
                "name" : "height 17px",
                "meta" : [ {
                  "from" : {
                    "object" : "link-3",
                    "edge" : "top"
                  },
                  "to" : {
                    "object" : "link-3",
                    "edge" : "bottom"
                  },
                  "expectedDistance" : "17px",
                  "realDistance" : "17px"
                } ],
                "highlight" : [ "link-3" ]
              }, {
                "status" : "info",
                "place" : {
                  "filePath" : "mobileUnos.gspec",
                  "lineNumber" : 51
                },
                "name" : "width 36px",
                "meta" : [ {
                  "from" : {
                    "object" : "link-3",
                    "edge" : "left"
                  },
                  "to" : {
                    "object" : "link-3",
                    "edge" : "right"
                  },
                  "expectedDistance" : "36px",
                  "realDistance" : "36px"
                } ],
                "highlight" : [ "link-3" ]
              } ]
            }, {
              "name" : "link-4",
              "specs" : [ {
                "status" : "info",
                "place" : {
                  "filePath" : "mobileUnos.gspec",
                  "lineNumber" : 39
                },
                "name" : "above link-5 8px",
                "meta" : [ {
                  "from" : {
                    "object" : "link-4",
                    "edge" : "bottom"
                  },
                  "to" : {
                    "object" : "link-5",
                    "edge" : "top"
                  },
                  "expectedDistance" : "8px",
                  "realDistance" : "8px"
                } ],
                "highlight" : [ "link-4", "link-5" ]
              }, {
                "status" : "info",
                "place" : {
                  "filePath" : "mobileUnos.gspec",
                  "lineNumber" : 40
                },
                "name" : "aligned vertically left link-5",
                "highlight" : [ "link-4", "link-5" ]
              }, {
                "status" : "info",
                "place" : {
                  "filePath" : "mobileUnos.gspec",
                  "lineNumber" : 41
                },
                "name" : "aligned vertically left lista_linkova 20px",
                "highlight" : [ "link-4", "lista_linkova" ]
              }, {
                "status" : "info",
                "place" : {
                  "filePath" : "mobileUnos.gspec",
                  "lineNumber" : 42
                },
                "name" : "height 17px",
                "meta" : [ {
                  "from" : {
                    "object" : "link-4",
                    "edge" : "top"
                  },
                  "to" : {
                    "object" : "link-4",
                    "edge" : "bottom"
                  },
                  "expectedDistance" : "17px",
                  "realDistance" : "17px"
                } ],
                "highlight" : [ "link-4" ]
              }, {
                "status" : "info",
                "place" : {
                  "filePath" : "mobileUnos.gspec",
                  "lineNumber" : 54
                },
                "name" : "width 79px",
                "meta" : [ {
                  "from" : {
                    "object" : "link-4",
                    "edge" : "left"
                  },
                  "to" : {
                    "object" : "link-4",
                    "edge" : "right"
                  },
                  "expectedDistance" : "79px",
                  "realDistance" : "79px"
                } ],
                "highlight" : [ "link-4" ]
              } ]
            }, {
              "name" : "link-5",
              "specs" : [ {
                "status" : "info",
                "place" : {
                  "filePath" : "mobileUnos.gspec",
                  "lineNumber" : 57
                },
                "name" : "width ~45px",
                "meta" : [ {
                  "from" : {
                    "object" : "link-5",
                    "edge" : "left"
                  },
                  "to" : {
                    "object" : "link-5",
                    "edge" : "right"
                  },
                  "expectedDistance" : "43 to 47px",
                  "realDistance" : "45px"
                } ],
                "highlight" : [ "link-5" ]
              }, {
                "status" : "info",
                "place" : {
                  "filePath" : "mobileUnos.gspec",
                  "lineNumber" : 58
                },
                "name" : "height 17px",
                "meta" : [ {
                  "from" : {
                    "object" : "link-5",
                    "edge" : "top"
                  },
                  "to" : {
                    "object" : "link-5",
                    "edge" : "bottom"
                  },
                  "expectedDistance" : "17px",
                  "realDistance" : "17px"
                } ],
                "highlight" : [ "link-5" ]
              } ]
            } ]
          }, {
            "name" : "Main section",
            "place" : {
              "filePath" : "mobileUnos.gspec",
              "lineNumber" : 60
            },
            "objects" : [ {
              "name" : "sadrzaj",
              "specs" : [ {
                "status" : "info",
                "place" : {
                  "filePath" : "mobileUnos.gspec",
                  "lineNumber" : 62
                },
                "name" : "below meni",
                "meta" : [ {
                  "from" : {
                    "object" : "sadrzaj",
                    "edge" : "top"
                  },
                  "to" : {
                    "object" : "meni",
                    "edge" : "bottom"
                  },
                  "expectedDistance" : ">= 0px",
                  "realDistance" : "10px"
                } ],
                "highlight" : [ "sadrzaj", "meni" ]
              }, {
                "status" : "info",
                "place" : {
                  "filePath" : "mobileUnos.gspec",
                  "lineNumber" : 63
                },
                "name" : "width ~95 % of screen/width",
                "meta" : [ {
                  "from" : {
                    "object" : "sadrzaj",
                    "edge" : "left"
                  },
                  "to" : {
                    "object" : "sadrzaj",
                    "edge" : "right"
                  },
                  "expectedDistance" : "93 to 97% [270 to 282px]",
                  "realDistance" : "94% [275px]"
                } ],
                "highlight" : [ "sadrzaj" ]
              } ]
            }, {
              "name" : "forma",
              "specs" : [ {
                "status" : "info",
                "place" : {
                  "filePath" : "mobileUnos.gspec",
                  "lineNumber" : 66
                },
                "name" : "centered horizontally inside sadrzaj",
                "highlight" : [ "forma", "sadrzaj" ]
              }, {
                "status" : "info",
                "place" : {
                  "filePath" : "mobileUnos.gspec",
                  "lineNumber" : 67
                },
                "name" : "inside sadrzaj 28px top, 33px bottom",
                "meta" : [ {
                  "from" : {
                    "object" : "forma",
                    "edge" : "top"
                  },
                  "to" : {
                    "object" : "sadrzaj",
                    "edge" : "top"
                  },
                  "expectedDistance" : "28px",
                  "realDistance" : "28px"
                }, {
                  "from" : {
                    "object" : "forma",
                    "edge" : "bottom"
                  },
                  "to" : {
                    "object" : "sadrzaj",
                    "edge" : "bottom"
                  },
                  "expectedDistance" : "33px",
                  "realDistance" : "33px"
                } ],
                "highlight" : [ "forma", "sadrzaj" ]
              } ]
            }, {
              "name" : "label-1",
              "specs" : [ {
                "status" : "info",
                "place" : {
                  "filePath" : "mobileUnos.gspec",
                  "lineNumber" : 71
                },
                "name" : "above input-1 10px",
                "meta" : [ {
                  "from" : {
                    "object" : "label-1",
                    "edge" : "bottom"
                  },
                  "to" : {
                    "object" : "input-1",
                    "edge" : "top"
                  },
                  "expectedDistance" : "10px",
                  "realDistance" : "10px"
                } ],
                "highlight" : [ "label-1", "input-1" ]
              }, {
                "status" : "info",
                "place" : {
                  "filePath" : "mobileUnos.gspec",
                  "lineNumber" : 72
                },
                "name" : "aligned horizontally top label-2 69px",
                "highlight" : [ "label-1", "label-2" ]
              }, {
                "status" : "info",
                "place" : {
                  "filePath" : "mobileUnos.gspec",
                  "lineNumber" : 73
                },
                "name" : "aligned vertically left forma 26px",
                "highlight" : [ "label-1", "forma" ]
              }, {
                "status" : "info",
                "place" : {
                  "filePath" : "mobileUnos.gspec",
                  "lineNumber" : 74
                },
                "name" : "inside forma 66px right",
                "meta" : [ {
                  "from" : {
                    "object" : "label-1",
                    "edge" : "right"
                  },
                  "to" : {
                    "object" : "forma",
                    "edge" : "right"
                  },
                  "expectedDistance" : "66px",
                  "realDistance" : "66px"
                } ],
                "highlight" : [ "label-1", "forma" ]
              }, {
                "status" : "info",
                "place" : {
                  "filePath" : "mobileUnos.gspec",
                  "lineNumber" : 75
                },
                "name" : "width 140px",
                "meta" : [ {
                  "from" : {
                    "object" : "label-1",
                    "edge" : "left"
                  },
                  "to" : {
                    "object" : "label-1",
                    "edge" : "right"
                  },
                  "expectedDistance" : "140px",
                  "realDistance" : "140px"
                } ],
                "highlight" : [ "label-1" ]
              }, {
                "status" : "info",
                "place" : {
                  "filePath" : "mobileUnos.gspec",
                  "lineNumber" : 76
                },
                "name" : "height 17px",
                "meta" : [ {
                  "from" : {
                    "object" : "label-1",
                    "edge" : "top"
                  },
                  "to" : {
                    "object" : "label-1",
                    "edge" : "bottom"
                  },
                  "expectedDistance" : "17px",
                  "realDistance" : "17px"
                } ],
                "highlight" : [ "label-1" ]
              }, {
                "status" : "info",
                "place" : {
                  "filePath" : "mobileUnos.gspec",
                  "lineNumber" : 96
                },
                "name" : "aligned horizontally top forma 21px",
                "highlight" : [ "label-1", "forma" ]
              } ]
            }, {
              "name" : "label-2",
              "specs" : [ {
                "status" : "info",
                "place" : {
                  "filePath" : "mobileUnos.gspec",
                  "lineNumber" : 71
                },
                "name" : "above input-2 10px",
                "meta" : [ {
                  "from" : {
                    "object" : "label-2",
                    "edge" : "bottom"
                  },
                  "to" : {
                    "object" : "input-2",
                    "edge" : "top"
                  },
                  "expectedDistance" : "10px",
                  "realDistance" : "10px"
                } ],
                "highlight" : [ "label-2", "input-2" ]
              }, {
                "status" : "info",
                "place" : {
                  "filePath" : "mobileUnos.gspec",
                  "lineNumber" : 72
                },
                "name" : "aligned horizontally top label-3 69px",
                "highlight" : [ "label-2", "label-3" ]
              }, {
                "status" : "info",
                "place" : {
                  "filePath" : "mobileUnos.gspec",
                  "lineNumber" : 73
                },
                "name" : "aligned vertically left forma 26px",
                "highlight" : [ "label-2", "forma" ]
              }, {
                "status" : "info",
                "place" : {
                  "filePath" : "mobileUnos.gspec",
                  "lineNumber" : 74
                },
                "name" : "inside forma 66px right",
                "meta" : [ {
                  "from" : {
                    "object" : "label-2",
                    "edge" : "right"
                  },
                  "to" : {
                    "object" : "forma",
                    "edge" : "right"
                  },
                  "expectedDistance" : "66px",
                  "realDistance" : "66px"
                } ],
                "highlight" : [ "label-2", "forma" ]
              }, {
                "status" : "info",
                "place" : {
                  "filePath" : "mobileUnos.gspec",
                  "lineNumber" : 75
                },
                "name" : "width 140px",
                "meta" : [ {
                  "from" : {
                    "object" : "label-2",
                    "edge" : "left"
                  },
                  "to" : {
                    "object" : "label-2",
                    "edge" : "right"
                  },
                  "expectedDistance" : "140px",
                  "realDistance" : "140px"
                } ],
                "highlight" : [ "label-2" ]
              }, {
                "status" : "info",
                "place" : {
                  "filePath" : "mobileUnos.gspec",
                  "lineNumber" : 76
                },
                "name" : "height 17px",
                "meta" : [ {
                  "from" : {
                    "object" : "label-2",
                    "edge" : "top"
                  },
                  "to" : {
                    "object" : "label-2",
                    "edge" : "bottom"
                  },
                  "expectedDistance" : "17px",
                  "realDistance" : "17px"
                } ],
                "highlight" : [ "label-2" ]
              } ]
            }, {
              "name" : "label-3",
              "specs" : [ {
                "status" : "info",
                "place" : {
                  "filePath" : "mobileUnos.gspec",
                  "lineNumber" : 71
                },
                "name" : "above input-3 10px",
                "meta" : [ {
                  "from" : {
                    "object" : "label-3",
                    "edge" : "bottom"
                  },
                  "to" : {
                    "object" : "input-3",
                    "edge" : "top"
                  },
                  "expectedDistance" : "10px",
                  "realDistance" : "10px"
                } ],
                "highlight" : [ "label-3", "input-3" ]
              }, {
                "status" : "info",
                "place" : {
                  "filePath" : "mobileUnos.gspec",
                  "lineNumber" : 72
                },
                "name" : "aligned horizontally top label-4 69px",
                "highlight" : [ "label-3", "label-4" ]
              }, {
                "status" : "info",
                "place" : {
                  "filePath" : "mobileUnos.gspec",
                  "lineNumber" : 73
                },
                "name" : "aligned vertically left forma 26px",
                "highlight" : [ "label-3", "forma" ]
              }, {
                "status" : "info",
                "place" : {
                  "filePath" : "mobileUnos.gspec",
                  "lineNumber" : 74
                },
                "name" : "inside forma 66px right",
                "meta" : [ {
                  "from" : {
                    "object" : "label-3",
                    "edge" : "right"
                  },
                  "to" : {
                    "object" : "forma",
                    "edge" : "right"
                  },
                  "expectedDistance" : "66px",
                  "realDistance" : "66px"
                } ],
                "highlight" : [ "label-3", "forma" ]
              }, {
                "status" : "info",
                "place" : {
                  "filePath" : "mobileUnos.gspec",
                  "lineNumber" : 75
                },
                "name" : "width 140px",
                "meta" : [ {
                  "from" : {
                    "object" : "label-3",
                    "edge" : "left"
                  },
                  "to" : {
                    "object" : "label-3",
                    "edge" : "right"
                  },
                  "expectedDistance" : "140px",
                  "realDistance" : "140px"
                } ],
                "highlight" : [ "label-3" ]
              }, {
                "status" : "info",
                "place" : {
                  "filePath" : "mobileUnos.gspec",
                  "lineNumber" : 76
                },
                "name" : "height 17px",
                "meta" : [ {
                  "from" : {
                    "object" : "label-3",
                    "edge" : "top"
                  },
                  "to" : {
                    "object" : "label-3",
                    "edge" : "bottom"
                  },
                  "expectedDistance" : "17px",
                  "realDistance" : "17px"
                } ],
                "highlight" : [ "label-3" ]
              } ]
            }, {
              "name" : "label-4",
              "specs" : [ {
                "status" : "info",
                "place" : {
                  "filePath" : "mobileUnos.gspec",
                  "lineNumber" : 79
                },
                "name" : "above input-4 10px",
                "meta" : [ {
                  "from" : {
                    "object" : "label-4",
                    "edge" : "bottom"
                  },
                  "to" : {
                    "object" : "input-4",
                    "edge" : "top"
                  },
                  "expectedDistance" : "10px",
                  "realDistance" : "10px"
                } ],
                "highlight" : [ "label-4", "input-4" ]
              }, {
                "status" : "info",
                "place" : {
                  "filePath" : "mobileUnos.gspec",
                  "lineNumber" : 80
                },
                "name" : "aligned horizontally top label-5 89px",
                "highlight" : [ "label-4", "label-5" ]
              }, {
                "status" : "info",
                "place" : {
                  "filePath" : "mobileUnos.gspec",
                  "lineNumber" : 81
                },
                "name" : "aligned vertically left forma 26px",
                "highlight" : [ "label-4", "forma" ]
              }, {
                "status" : "info",
                "place" : {
                  "filePath" : "mobileUnos.gspec",
                  "lineNumber" : 82
                },
                "name" : "inside forma 66px right",
                "meta" : [ {
                  "from" : {
                    "object" : "label-4",
                    "edge" : "right"
                  },
                  "to" : {
                    "object" : "forma",
                    "edge" : "right"
                  },
                  "expectedDistance" : "66px",
                  "realDistance" : "66px"
                } ],
                "highlight" : [ "label-4", "forma" ]
              }, {
                "status" : "info",
                "place" : {
                  "filePath" : "mobileUnos.gspec",
                  "lineNumber" : 83
                },
                "name" : "width 140px",
                "meta" : [ {
                  "from" : {
                    "object" : "label-4",
                    "edge" : "left"
                  },
                  "to" : {
                    "object" : "label-4",
                    "edge" : "right"
                  },
                  "expectedDistance" : "140px",
                  "realDistance" : "140px"
                } ],
                "highlight" : [ "label-4" ]
              }, {
                "status" : "info",
                "place" : {
                  "filePath" : "mobileUnos.gspec",
                  "lineNumber" : 84
                },
                "name" : "height 17px",
                "meta" : [ {
                  "from" : {
                    "object" : "label-4",
                    "edge" : "top"
                  },
                  "to" : {
                    "object" : "label-4",
                    "edge" : "bottom"
                  },
                  "expectedDistance" : "17px",
                  "realDistance" : "17px"
                } ],
                "highlight" : [ "label-4" ]
              } ]
            }, {
              "name" : "label-5",
              "specs" : [ {
                "status" : "info",
                "place" : {
                  "filePath" : "mobileUnos.gspec",
                  "lineNumber" : 87
                },
                "name" : "inside forma 86px bottom",
                "meta" : [ {
                  "from" : {
                    "object" : "label-5",
                    "edge" : "bottom"
                  },
                  "to" : {
                    "object" : "forma",
                    "edge" : "bottom"
                  },
                  "expectedDistance" : "86px",
                  "realDistance" : "86px"
                } ],
                "highlight" : [ "label-5", "forma" ]
              }, {
                "status" : "info",
                "place" : {
                  "filePath" : "mobileUnos.gspec",
                  "lineNumber" : 88
                },
                "name" : "aligned vertically left forma 26px",
                "highlight" : [ "label-5", "forma" ]
              }, {
                "status" : "info",
                "place" : {
                  "filePath" : "mobileUnos.gspec",
                  "lineNumber" : 89
                },
                "name" : "inside forma 66px right",
                "meta" : [ {
                  "from" : {
                    "object" : "label-5",
                    "edge" : "right"
                  },
                  "to" : {
                    "object" : "forma",
                    "edge" : "right"
                  },
                  "expectedDistance" : "66px",
                  "realDistance" : "66px"
                } ],
                "highlight" : [ "label-5", "forma" ]
              }, {
                "status" : "info",
                "place" : {
                  "filePath" : "mobileUnos.gspec",
                  "lineNumber" : 90
                },
                "name" : "above input-5 25px",
                "meta" : [ {
                  "from" : {
                    "object" : "label-5",
                    "edge" : "bottom"
                  },
                  "to" : {
                    "object" : "input-5",
                    "edge" : "top"
                  },
                  "expectedDistance" : "25px",
                  "realDistance" : "25px"
                } ],
                "highlight" : [ "label-5", "input-5" ]
              }, {
                "status" : "info",
                "place" : {
                  "filePath" : "mobileUnos.gspec",
                  "lineNumber" : 91
                },
                "name" : "width 140px",
                "meta" : [ {
                  "from" : {
                    "object" : "label-5",
                    "edge" : "left"
                  },
                  "to" : {
                    "object" : "label-5",
                    "edge" : "right"
                  },
                  "expectedDistance" : "140px",
                  "realDistance" : "140px"
                } ],
                "highlight" : [ "label-5" ]
              }, {
                "status" : "info",
                "place" : {
                  "filePath" : "mobileUnos.gspec",
                  "lineNumber" : 92
                },
                "name" : "height 17px",
                "meta" : [ {
                  "from" : {
                    "object" : "label-5",
                    "edge" : "top"
                  },
                  "to" : {
                    "object" : "label-5",
                    "edge" : "bottom"
                  },
                  "expectedDistance" : "17px",
                  "realDistance" : "17px"
                } ],
                "highlight" : [ "label-5" ]
              } ]
            }, {
              "name" : "input-1",
              "specs" : [ {
                "status" : "info",
                "place" : {
                  "filePath" : "mobileUnos.gspec",
                  "lineNumber" : 99
                },
                "name" : "aligned horizontally top forma 48px",
                "highlight" : [ "input-1", "forma" ]
              }, {
                "status" : "info",
                "place" : {
                  "filePath" : "mobileUnos.gspec",
                  "lineNumber" : 110
                },
                "name" : "width 186px",
                "meta" : [ {
                  "from" : {
                    "object" : "input-1",
                    "edge" : "left"
                  },
                  "to" : {
                    "object" : "input-1",
                    "edge" : "right"
                  },
                  "expectedDistance" : "186px",
                  "realDistance" : "186px"
                } ],
                "highlight" : [ "input-1" ]
              }, {
                "status" : "info",
                "place" : {
                  "filePath" : "mobileUnos.gspec",
                  "lineNumber" : 111
                },
                "name" : "height 22px",
                "meta" : [ {
                  "from" : {
                    "object" : "input-1",
                    "edge" : "top"
                  },
                  "to" : {
                    "object" : "input-1",
                    "edge" : "bottom"
                  },
                  "expectedDistance" : "22px",
                  "realDistance" : "22px"
                } ],
                "highlight" : [ "input-1" ]
              }, {
                "status" : "info",
                "place" : {
                  "filePath" : "mobileUnos.gspec",
                  "lineNumber" : 112
                },
                "name" : "aligned vertically right forma 23px",
                "highlight" : [ "input-1", "forma" ]
              }, {
                "status" : "info",
                "place" : {
                  "filePath" : "mobileUnos.gspec",
                  "lineNumber" : 113
                },
                "name" : "aligned horizontally top input-2 69px",
                "highlight" : [ "input-1", "input-2" ]
              }, {
                "status" : "info",
                "place" : {
                  "filePath" : "mobileUnos.gspec",
                  "lineNumber" : 114
                },
                "name" : "inside forma 23 px right",
                "meta" : [ {
                  "from" : {
                    "object" : "input-1",
                    "edge" : "right"
                  },
                  "to" : {
                    "object" : "forma",
                    "edge" : "right"
                  },
                  "expectedDistance" : "23px",
                  "realDistance" : "23px"
                } ],
                "highlight" : [ "input-1", "forma" ]
              } ]
            }, {
              "name" : "input-4",
              "specs" : [ {
                "status" : "info",
                "place" : {
                  "filePath" : "mobileUnos.gspec",
                  "lineNumber" : 102
                },
                "name" : "width 186px",
                "meta" : [ {
                  "from" : {
                    "object" : "input-4",
                    "edge" : "left"
                  },
                  "to" : {
                    "object" : "input-4",
                    "edge" : "right"
                  },
                  "expectedDistance" : "186px",
                  "realDistance" : "186px"
                } ],
                "highlight" : [ "input-4" ]
              }, {
                "status" : "info",
                "place" : {
                  "filePath" : "mobileUnos.gspec",
                  "lineNumber" : 103
                },
                "name" : "height 22px",
                "meta" : [ {
                  "from" : {
                    "object" : "input-4",
                    "edge" : "top"
                  },
                  "to" : {
                    "object" : "input-4",
                    "edge" : "bottom"
                  },
                  "expectedDistance" : "22px",
                  "realDistance" : "22px"
                } ],
                "highlight" : [ "input-4" ]
              }, {
                "status" : "info",
                "place" : {
                  "filePath" : "mobileUnos.gspec",
                  "lineNumber" : 104
                },
                "name" : "aligned horizontally bottom input-3 69px",
                "highlight" : [ "input-4", "input-3" ]
              }, {
                "status" : "info",
                "place" : {
                  "filePath" : "mobileUnos.gspec",
                  "lineNumber" : 105
                },
                "name" : "aligned horizontally bottom forma 143px",
                "highlight" : [ "input-4", "forma" ]
              }, {
                "status" : "info",
                "place" : {
                  "filePath" : "mobileUnos.gspec",
                  "lineNumber" : 106
                },
                "name" : "inside forma 23 px right",
                "meta" : [ {
                  "from" : {
                    "object" : "input-4",
                    "edge" : "right"
                  },
                  "to" : {
                    "object" : "forma",
                    "edge" : "right"
                  },
                  "expectedDistance" : "23px",
                  "realDistance" : "23px"
                } ],
                "highlight" : [ "input-4", "forma" ]
              } ]
            }, {
              "name" : "input-2",
              "specs" : [ {
                "status" : "info",
                "place" : {
                  "filePath" : "mobileUnos.gspec",
                  "lineNumber" : 110
                },
                "name" : "width 186px",
                "meta" : [ {
                  "from" : {
                    "object" : "input-2",
                    "edge" : "left"
                  },
                  "to" : {
                    "object" : "input-2",
                    "edge" : "right"
                  },
                  "expectedDistance" : "186px",
                  "realDistance" : "186px"
                } ],
                "highlight" : [ "input-2" ]
              }, {
                "status" : "info",
                "place" : {
                  "filePath" : "mobileUnos.gspec",
                  "lineNumber" : 111
                },
                "name" : "height 22px",
                "meta" : [ {
                  "from" : {
                    "object" : "input-2",
                    "edge" : "top"
                  },
                  "to" : {
                    "object" : "input-2",
                    "edge" : "bottom"
                  },
                  "expectedDistance" : "22px",
                  "realDistance" : "22px"
                } ],
                "highlight" : [ "input-2" ]
              }, {
                "status" : "info",
                "place" : {
                  "filePath" : "mobileUnos.gspec",
                  "lineNumber" : 112
                },
                "name" : "aligned vertically right forma 23px",
                "highlight" : [ "input-2", "forma" ]
              }, {
                "status" : "info",
                "place" : {
                  "filePath" : "mobileUnos.gspec",
                  "lineNumber" : 113
                },
                "name" : "aligned horizontally top input-3 69px",
                "highlight" : [ "input-2", "input-3" ]
              }, {
                "status" : "info",
                "place" : {
                  "filePath" : "mobileUnos.gspec",
                  "lineNumber" : 114
                },
                "name" : "inside forma 23 px right",
                "meta" : [ {
                  "from" : {
                    "object" : "input-2",
                    "edge" : "right"
                  },
                  "to" : {
                    "object" : "forma",
                    "edge" : "right"
                  },
                  "expectedDistance" : "23px",
                  "realDistance" : "23px"
                } ],
                "highlight" : [ "input-2", "forma" ]
              } ]
            }, {
              "name" : "input-3",
              "specs" : [ {
                "status" : "info",
                "place" : {
                  "filePath" : "mobileUnos.gspec",
                  "lineNumber" : 110
                },
                "name" : "width 186px",
                "meta" : [ {
                  "from" : {
                    "object" : "input-3",
                    "edge" : "left"
                  },
                  "to" : {
                    "object" : "input-3",
                    "edge" : "right"
                  },
                  "expectedDistance" : "186px",
                  "realDistance" : "186px"
                } ],
                "highlight" : [ "input-3" ]
              }, {
                "status" : "info",
                "place" : {
                  "filePath" : "mobileUnos.gspec",
                  "lineNumber" : 111
                },
                "name" : "height 22px",
                "meta" : [ {
                  "from" : {
                    "object" : "input-3",
                    "edge" : "top"
                  },
                  "to" : {
                    "object" : "input-3",
                    "edge" : "bottom"
                  },
                  "expectedDistance" : "22px",
                  "realDistance" : "22px"
                } ],
                "highlight" : [ "input-3" ]
              }, {
                "status" : "info",
                "place" : {
                  "filePath" : "mobileUnos.gspec",
                  "lineNumber" : 112
                },
                "name" : "aligned vertically right forma 23px",
                "highlight" : [ "input-3", "forma" ]
              }, {
                "status" : "info",
                "place" : {
                  "filePath" : "mobileUnos.gspec",
                  "lineNumber" : 113
                },
                "name" : "aligned horizontally top input-4 69px",
                "highlight" : [ "input-3", "input-4" ]
              }, {
                "status" : "info",
                "place" : {
                  "filePath" : "mobileUnos.gspec",
                  "lineNumber" : 114
                },
                "name" : "inside forma 23 px right",
                "meta" : [ {
                  "from" : {
                    "object" : "input-3",
                    "edge" : "right"
                  },
                  "to" : {
                    "object" : "forma",
                    "edge" : "right"
                  },
                  "expectedDistance" : "23px",
                  "realDistance" : "23px"
                } ],
                "highlight" : [ "input-3", "forma" ]
              } ]
            }, {
              "name" : "input-5",
              "specs" : [ {
                "status" : "info",
                "place" : {
                  "filePath" : "mobileUnos.gspec",
                  "lineNumber" : 117
                },
                "name" : "width 100px",
                "meta" : [ {
                  "from" : {
                    "object" : "input-5",
                    "edge" : "left"
                  },
                  "to" : {
                    "object" : "input-5",
                    "edge" : "right"
                  },
                  "expectedDistance" : "100px",
                  "realDistance" : "100px"
                } ],
                "highlight" : [ "input-5" ]
              }, {
                "status" : "info",
                "place" : {
                  "filePath" : "mobileUnos.gspec",
                  "lineNumber" : 118
                },
                "name" : "height 30px",
                "meta" : [ {
                  "from" : {
                    "object" : "input-5",
                    "edge" : "top"
                  },
                  "to" : {
                    "object" : "input-5",
                    "edge" : "bottom"
                  },
                  "expectedDistance" : "30px",
                  "realDistance" : "30px"
                } ],
                "highlight" : [ "input-5" ]
              }, {
                "status" : "info",
                "place" : {
                  "filePath" : "mobileUnos.gspec",
                  "lineNumber" : 119
                },
                "name" : "inside forma 31px bottom, 66px left, 66px right",
                "meta" : [ {
                  "from" : {
                    "object" : "input-5",
                    "edge" : "bottom"
                  },
                  "to" : {
                    "object" : "forma",
                    "edge" : "bottom"
                  },
                  "expectedDistance" : "31px",
                  "realDistance" : "31px"
                }, {
                  "from" : {
                    "object" : "input-5",
                    "edge" : "left"
                  },
                  "to" : {
                    "object" : "forma",
                    "edge" : "left"
                  },
                  "expectedDistance" : "66px",
                  "realDistance" : "66px"
                }, {
                  "from" : {
                    "object" : "input-5",
                    "edge" : "right"
                  },
                  "to" : {
                    "object" : "forma",
                    "edge" : "right"
                  },
                  "expectedDistance" : "66px",
                  "realDistance" : "66px"
                } ],
                "highlight" : [ "input-5", "forma" ]
              } ]
            } ]
          }, {
            "name" : "Main",
            "place" : {
              "filePath" : "mobileUnos.gspec",
              "lineNumber" : 123
            },
            "objects" : [ {
              "name" : "global",
              "specs" : [ {
                "status" : "info",
                "place" : {
                  "filePath" : "mobileUnos.gspec",
                  "lineNumber" : 125
                },
                "name" : "count any link-* is 5",
                "highlight" : [ "link-5", "link-3", "link-4", "link-1", "link-2" ]
              }, {
                "status" : "info",
                "place" : {
                  "filePath" : "mobileUnos.gspec",
                  "lineNumber" : 126
                },
                "name" : "count any label-* is 5",
                "highlight" : [ "label-4", "label-3", "label-2", "label-1", "label-5" ]
              }, {
                "status" : "info",
                "place" : {
                  "filePath" : "mobileUnos.gspec",
                  "lineNumber" : 127
                },
                "name" : "count any input-* is 5",
                "highlight" : [ "input-3", "input-4", "input-5", "input-1", "input-2" ]
              } ]
            } ]
          } ],
          "objects" : {
            "meni" : {
              "area" : [ 8, 40, 275, 177 ]
            },
            "label-4" : {
              "area" : [ 55, 483, 140, 17 ]
            },
            "slika" : {
              "area" : [ 105, 1, 79, 80 ]
            },
            "label-3" : {
              "area" : [ 55, 414, 140, 17 ]
            },
            "label-2" : {
              "area" : [ 55, 345, 140, 17 ]
            },
            "label-1" : {
              "area" : [ 55, 276, 140, 17 ]
            },
            "link-5" : {
              "area" : [ 29, 189, 45, 17 ]
            },
            "link-3" : {
              "area" : [ 29, 139, 36, 17 ]
            },
            "link-4" : {
              "area" : [ 29, 164, 79, 17 ]
            },
            "label-5" : {
              "area" : [ 55, 572, 140, 17 ]
            },
            "input-1" : {
              "area" : [ 52, 303, 186, 22 ]
            },
            "input-2" : {
              "area" : [ 52, 372, 186, 22 ]
            },
            "forma" : {
              "area" : [ 29, 255, 232, 420 ]
            },
            "sadrzaj" : {
              "area" : [ 8, 227, 275, 481 ]
            },
            "input-3" : {
              "area" : [ 52, 441, 186, 22 ]
            },
            "input-4" : {
              "area" : [ 52, 510, 186, 22 ]
            },
            "input-5" : {
              "area" : [ 95, 614, 100, 30 ]
            },
            "lista_linkova" : {
              "area" : [ 9, 86, 273, 130 ]
            },
            "link-1" : {
              "area" : [ 29, 89, 55, 17 ]
            },
            "logo" : {
              "area" : [ 105, 1, 79, 80 ]
            },
            "link-2" : {
              "area" : [ 29, 114, 29, 17 ]
            }
          },
          "screenshot" : "layout-1-screenshot.png",
          "type" : "layout"
        } ],
        "time" : 1573513099393,
        "type" : "node"
      } ],
      "time" : 1573513083119,
      "type" : "node"
    } ]
  }
}