{"title":"Document","items":{"meni":{"area":[8,60,1251,152],"hasImage":true},"desno":{"area":[698,736,80,20],"hasImage":true},"meniLista":{"area":[8,176,1251,36],"hasImage":true},"celija":{"area":[438,527,54,32],"hasImage":true},"screen":{"area":[0,0,1267,802],"hasImage":true},"forma":{"area":[489,266,288,150],"hasImage":true},"button":{"area":[677,395,13,18],"hasImage":true},"naslov":{"area":[438,458,390,33],"hasImage":true},"lijevo":{"area":[488,736,80,20],"hasImage":true},"viewport":{"area":[0,0,1267,732],"hasImage":true},"pocetak":{"area":[673,308,104,24],"hasImage":true},"option":{"area":[675,-143,62,18],"hasImage":true},"dugmad":{"area":[8,736,1251,20],"hasImage":true}},"pageName":"http://localhost/rezervacija.html"}