{
    "vanredna": [
        {
            "datum": "02.03.2019",
            "pocetak": "10:00",
            "kraj": "12:00",
            "naziv": "0-02",
            "predavac": "vensada"
        },
        {
            "datum": "15.01.2020",
            "pocetak": "10:00",
            "kraj": "12:00",
            "naziv": "0-01",
            "predavac": "Random"
        },
        {
            "datum": "01.01.2020",
            "pocetak": "10:00",
            "kraj": "12:00",
            "naziv": "0-02",
            "predavac": "Random"
        },
        {
            "datum": "08.01.2020",
            "pocetak": "10:00",
            "kraj": "12:00",
            "naziv": "0-01",
            "predavac": "Random"
        },
        {
            "datum": "01.01.2020",
            "pocetak": "10:00",
            "kraj": "23:00",
            "naziv": "0-01",
            "predavac": "Random"
        },
        {
            "datum": "03.01.2020",
            "pocetak": "10:00",
            "kraj": "23:00",
            "naziv": "0-01",
            "predavac": "Random"
        },
        {
            "datum": "03.01.2020",
            "pocetak": "10:00",
            "kraj": "23:00",
            "naziv": "0-01",
            "predavac": "Random"
        }
    ],
    "periodicna": [
        {
            "dan": 6,
            "semestar": "zimski",
            "pocetak": "12:00",
            "kraj": "14:00",
            "naziv": "0-01",
            "predavac": "bitno"
        },
        {
            "dan": 1,
            "semestar": "zimski",
            "pocetak": "10:00",
            "kraj": "12:00",
            "naziv": "0-01",
            "predavac": "Random"
        },
        {
            "dan": 3,
            "semestar": "zimski",
            "pocetak": "10:00",
            "kraj": "12:00",
            "naziv": "0-02",
            "predavac": "Random"
        },
        {
            "dan": 3,
            "semestar": "zimski",
            "pocetak": "10:00",
            "kraj": "23:00",
            "naziv": "0-01",
            "predavac": "Random"
        }
    ]
}
