{
  "testId" : "1-mobilerezervacija.gspec",
  "name" : "mobileRezervacija.gspec",
  "report" : {
    "nodes" : [ {
      "name" : "Mutation test",
      "status" : "info",
      "nodes" : [ {
        "name" : "check  mobileRezervacija.gspec --url http://localhost:8080/rezervacija.html --size 599x599 --htmlreport izvjestajiMobileRezervacijaMutation",
        "status" : "info",
        "nodes" : [ {
          "name" : "Check layout: mobileRezervacija.gspec included tags: ",
          "status" : "info",
          "time" : 1573610059475,
          "sections" : [ {
            "name" : "Logo",
            "place" : {
              "filePath" : "mobileRezervacija.gspec",
              "lineNumber" : 25
            },
            "objects" : [ {
              "name" : "logo",
              "specs" : [ {
                "status" : "info",
                "place" : {
                  "filePath" : "mobileRezervacija.gspec",
                  "lineNumber" : 27
                },
                "name" : "aligned vertically centered logo",
                "highlight" : [ "logo", "logo" ]
              }, {
                "status" : "info",
                "place" : {
                  "filePath" : "mobileRezervacija.gspec",
                  "lineNumber" : 28
                },
                "name" : "above meniLista -25px",
                "meta" : [ {
                  "from" : {
                    "object" : "logo",
                    "edge" : "bottom"
                  },
                  "to" : {
                    "object" : "meniLista",
                    "edge" : "top"
                  },
                  "expectedDistance" : "-25px",
                  "realDistance" : "-25px"
                } ],
                "highlight" : [ "logo", "meniLista" ]
              }, {
                "status" : "info",
                "place" : {
                  "filePath" : "mobileRezervacija.gspec",
                  "lineNumber" : 29
                },
                "name" : "css position is \"absolute\"",
                "highlight" : [ "logo" ]
              }, {
                "status" : "info",
                "place" : {
                  "filePath" : "mobileRezervacija.gspec",
                  "lineNumber" : 30
                },
                "name" : "css top is \"0px\"",
                "highlight" : [ "logo" ]
              } ]
            } ]
          }, {
            "name" : "Meni",
            "place" : {
              "filePath" : "mobileRezervacija.gspec",
              "lineNumber" : 33
            },
            "objects" : [ {
              "name" : "meniLista",
              "specs" : [ {
                "status" : "info",
                "place" : {
                  "filePath" : "mobileRezervacija.gspec",
                  "lineNumber" : 35
                },
                "name" : "inside meni 0px top",
                "meta" : [ {
                  "from" : {
                    "object" : "meniLista",
                    "edge" : "top"
                  },
                  "to" : {
                    "object" : "meni",
                    "edge" : "top"
                  },
                  "expectedDistance" : "0px",
                  "realDistance" : "0px"
                } ],
                "highlight" : [ "meniLista", "meni" ]
              }, {
                "status" : "info",
                "place" : {
                  "filePath" : "mobileRezervacija.gspec",
                  "lineNumber" : 36
                },
                "name" : "aligned vertically centered meniLista",
                "highlight" : [ "meniLista", "meniLista" ]
              }, {
                "status" : "info",
                "place" : {
                  "filePath" : "mobileRezervacija.gspec",
                  "lineNumber" : 37
                },
                "name" : "below logo -25px",
                "meta" : [ {
                  "from" : {
                    "object" : "meniLista",
                    "edge" : "top"
                  },
                  "to" : {
                    "object" : "logo",
                    "edge" : "bottom"
                  },
                  "expectedDistance" : "-25px",
                  "realDistance" : "-25px"
                } ],
                "highlight" : [ "meniLista", "logo" ]
              }, {
                "status" : "info",
                "place" : {
                  "filePath" : "mobileRezervacija.gspec",
                  "lineNumber" : 38
                },
                "name" : "css display is \"block\"",
                "highlight" : [ "meniLista" ]
              }, {
                "status" : "info",
                "place" : {
                  "filePath" : "mobileRezervacija.gspec",
                  "lineNumber" : 39
                },
                "name" : "css position is \"relative\"",
                "highlight" : [ "meniLista" ]
              }, {
                "status" : "info",
                "place" : {
                  "filePath" : "mobileRezervacija.gspec",
                  "lineNumber" : 40
                },
                "name" : "css text-align is \"center\"",
                "highlight" : [ "meniLista" ]
              }, {
                "status" : "info",
                "place" : {
                  "filePath" : "mobileRezervacija.gspec",
                  "lineNumber" : 41
                },
                "name" : "css top is \"0px\"",
                "highlight" : [ "meniLista" ]
              } ]
            }, {
              "name" : "meni",
              "specs" : [ {
                "status" : "info",
                "place" : {
                  "filePath" : "mobileRezervacija.gspec",
                  "lineNumber" : 44
                },
                "name" : "css background-color is \"rgb(65, 105, 225)\"",
                "highlight" : [ "meni" ]
              }, {
                "status" : "info",
                "place" : {
                  "filePath" : "mobileRezervacija.gspec",
                  "lineNumber" : 45
                },
                "name" : "height 100px",
                "meta" : [ {
                  "from" : {
                    "object" : "meni",
                    "edge" : "top"
                  },
                  "to" : {
                    "object" : "meni",
                    "edge" : "bottom"
                  },
                  "expectedDistance" : "100px",
                  "realDistance" : "100px"
                } ],
                "highlight" : [ "meni" ]
              }, {
                "status" : "info",
                "place" : {
                  "filePath" : "mobileRezervacija.gspec",
                  "lineNumber" : 46
                },
                "name" : "width 600px",
                "meta" : [ {
                  "from" : {
                    "object" : "meni",
                    "edge" : "left"
                  },
                  "to" : {
                    "object" : "meni",
                    "edge" : "right"
                  },
                  "expectedDistance" : "600px",
                  "realDistance" : "600px"
                } ],
                "highlight" : [ "meni" ]
              }, {
                "status" : "info",
                "place" : {
                  "filePath" : "mobileRezervacija.gspec",
                  "lineNumber" : 47
                },
                "name" : "aligned vertically centered meni",
                "highlight" : [ "meni", "meni" ]
              }, {
                "status" : "info",
                "place" : {
                  "filePath" : "mobileRezervacija.gspec",
                  "lineNumber" : 48
                },
                "name" : "css margin-left is \"0px\"",
                "highlight" : [ "meni" ]
              }, {
                "status" : "info",
                "place" : {
                  "filePath" : "mobileRezervacija.gspec",
                  "lineNumber" : 49
                },
                "name" : "css margin-right is \"0px\"",
                "highlight" : [ "meni" ]
              }, {
                "status" : "info",
                "place" : {
                  "filePath" : "mobileRezervacija.gspec",
                  "lineNumber" : 50
                },
                "name" : "css position is \"relative\"",
                "highlight" : [ "meni" ]
              }, {
                "status" : "info",
                "place" : {
                  "filePath" : "mobileRezervacija.gspec",
                  "lineNumber" : 51
                },
                "name" : "css top is \"25px\"",
                "highlight" : [ "meni" ]
              } ]
            } ]
          }, {
            "name" : "Sadrzaj",
            "place" : {
              "filePath" : "mobileRezervacija.gspec",
              "lineNumber" : 53
            },
            "objects" : [ {
              "name" : "sadrzaj",
              "specs" : [ {
                "status" : "info",
                "place" : {
                  "filePath" : "mobileRezervacija.gspec",
                  "lineNumber" : 55
                },
                "name" : "aligned vertically centered sadrzaj",
                "highlight" : [ "sadrzaj", "sadrzaj" ]
              }, {
                "status" : "info",
                "place" : {
                  "filePath" : "mobileRezervacija.gspec",
                  "lineNumber" : 56
                },
                "name" : "height 500px",
                "meta" : [ {
                  "from" : {
                    "object" : "sadrzaj",
                    "edge" : "top"
                  },
                  "to" : {
                    "object" : "sadrzaj",
                    "edge" : "bottom"
                  },
                  "expectedDistance" : "500px",
                  "realDistance" : "500px"
                } ],
                "highlight" : [ "sadrzaj" ]
              }, {
                "status" : "info",
                "place" : {
                  "filePath" : "mobileRezervacija.gspec",
                  "lineNumber" : 57
                },
                "name" : "width 600px",
                "meta" : [ {
                  "from" : {
                    "object" : "sadrzaj",
                    "edge" : "left"
                  },
                  "to" : {
                    "object" : "sadrzaj",
                    "edge" : "right"
                  },
                  "expectedDistance" : "600px",
                  "realDistance" : "600px"
                } ],
                "highlight" : [ "sadrzaj" ]
              }, {
                "status" : "info",
                "place" : {
                  "filePath" : "mobileRezervacija.gspec",
                  "lineNumber" : 58
                },
                "name" : "css background-color is \"rgb(65, 105, 225)\"",
                "highlight" : [ "sadrzaj" ]
              }, {
                "status" : "info",
                "place" : {
                  "filePath" : "mobileRezervacija.gspec",
                  "lineNumber" : 59
                },
                "name" : "css border-collapse is \"separate\"",
                "highlight" : [ "sadrzaj" ]
              }, {
                "status" : "info",
                "place" : {
                  "filePath" : "mobileRezervacija.gspec",
                  "lineNumber" : 60
                },
                "name" : "css text-align is \"left\"",
                "highlight" : [ "sadrzaj" ]
              }, {
                "status" : "info",
                "place" : {
                  "filePath" : "mobileRezervacija.gspec",
                  "lineNumber" : 61
                },
                "name" : "css position is \"relative\"",
                "highlight" : [ "sadrzaj" ]
              }, {
                "status" : "info",
                "place" : {
                  "filePath" : "mobileRezervacija.gspec",
                  "lineNumber" : 62
                },
                "name" : "css margin-top is \"30px\"",
                "highlight" : [ "sadrzaj" ]
              }, {
                "status" : "info",
                "place" : {
                  "filePath" : "mobileRezervacija.gspec",
                  "lineNumber" : 63
                },
                "name" : "css top is \"0px\"",
                "highlight" : [ "sadrzaj" ]
              }, {
                "status" : "info",
                "place" : {
                  "filePath" : "mobileRezervacija.gspec",
                  "lineNumber" : 64
                },
                "name" : "css margin-left is \"0px\"",
                "highlight" : [ "sadrzaj" ]
              }, {
                "status" : "info",
                "place" : {
                  "filePath" : "mobileRezervacija.gspec",
                  "lineNumber" : 65
                },
                "name" : "css margin-right is \"0px\"",
                "highlight" : [ "sadrzaj" ]
              } ]
            }, {
              "name" : "dugmeS",
              "specs" : [ {
                "status" : "info",
                "place" : {
                  "filePath" : "mobileRezervacija.gspec",
                  "lineNumber" : 67
                },
                "name" : "inside sadrzaj",
                "meta" : [ ],
                "highlight" : [ "dugmeS", "sadrzaj" ]
              }, {
                "status" : "info",
                "place" : {
                  "filePath" : "mobileRezervacija.gspec",
                  "lineNumber" : 68
                },
                "name" : "css background-color is \"rgb(127, 179, 247)\"",
                "highlight" : [ "dugmeS" ]
              }, {
                "status" : "info",
                "place" : {
                  "filePath" : "mobileRezervacija.gspec",
                  "lineNumber" : 69
                },
                "name" : "css color is \"rgb(0, 0, 0)\"",
                "highlight" : [ "dugmeS" ]
              } ]
            }, {
              "name" : "dugmeP",
              "specs" : [ {
                "status" : "info",
                "place" : {
                  "filePath" : "mobileRezervacija.gspec",
                  "lineNumber" : 71
                },
                "name" : "inside sadrzaj",
                "meta" : [ ],
                "highlight" : [ "dugmeP", "sadrzaj" ]
              }, {
                "status" : "info",
                "place" : {
                  "filePath" : "mobileRezervacija.gspec",
                  "lineNumber" : 72
                },
                "name" : "css background-color is \"rgb(127, 179, 247)\"",
                "highlight" : [ "dugmeP" ]
              }, {
                "status" : "info",
                "place" : {
                  "filePath" : "mobileRezervacija.gspec",
                  "lineNumber" : 73
                },
                "name" : "css color is \"rgb(0, 0, 0)\"",
                "highlight" : [ "dugmeP" ]
              } ]
            }, {
              "name" : "dani",
              "specs" : [ {
                "status" : "info",
                "place" : {
                  "filePath" : "mobileRezervacija.gspec",
                  "lineNumber" : 75
                },
                "name" : "inside tabela1",
                "meta" : [ ],
                "highlight" : [ "dani", "tabela1" ]
              }, {
                "status" : "info",
                "place" : {
                  "filePath" : "mobileRezervacija.gspec",
                  "lineNumber" : 76
                },
                "name" : "inside sadrzaj",
                "meta" : [ ],
                "highlight" : [ "dani", "sadrzaj" ]
              }, {
                "status" : "info",
                "place" : {
                  "filePath" : "mobileRezervacija.gspec",
                  "lineNumber" : 77
                },
                "name" : "aligned vertically centered dani",
                "highlight" : [ "dani", "dani" ]
              }, {
                "status" : "info",
                "place" : {
                  "filePath" : "mobileRezervacija.gspec",
                  "lineNumber" : 78
                },
                "name" : "css text-align is \"center\"",
                "highlight" : [ "dani" ]
              }, {
                "status" : "info",
                "place" : {
                  "filePath" : "mobileRezervacija.gspec",
                  "lineNumber" : 79
                },
                "name" : "css margin-right is \"5px\"",
                "highlight" : [ "dani" ]
              } ]
            }, {
              "name" : "prazan",
              "specs" : [ {
                "status" : "info",
                "place" : {
                  "filePath" : "mobileRezervacija.gspec",
                  "lineNumber" : 81
                },
                "name" : "inside tabela1",
                "meta" : [ ],
                "highlight" : [ "prazan", "tabela1" ]
              }, {
                "status" : "info",
                "place" : {
                  "filePath" : "mobileRezervacija.gspec",
                  "lineNumber" : 82
                },
                "name" : "inside sadrzaj",
                "meta" : [ ],
                "highlight" : [ "prazan", "sadrzaj" ]
              }, {
                "status" : "info",
                "place" : {
                  "filePath" : "mobileRezervacija.gspec",
                  "lineNumber" : 83
                },
                "name" : "aligned vertically centered prazan",
                "highlight" : [ "prazan", "prazan" ]
              } ]
            }, {
              "name" : "zauzeta",
              "specs" : [ {
                "status" : "info",
                "place" : {
                  "filePath" : "mobileRezervacija.gspec",
                  "lineNumber" : 85
                },
                "name" : "inside tabela1",
                "meta" : [ ],
                "highlight" : [ "zauzeta", "tabela1" ]
              }, {
                "status" : "info",
                "place" : {
                  "filePath" : "mobileRezervacija.gspec",
                  "lineNumber" : 86
                },
                "name" : "inside sadrzaj",
                "meta" : [ ],
                "highlight" : [ "zauzeta", "sadrzaj" ]
              }, {
                "status" : "info",
                "place" : {
                  "filePath" : "mobileRezervacija.gspec",
                  "lineNumber" : 87
                },
                "name" : "aligned vertically centered zauzeta",
                "highlight" : [ "zauzeta", "zauzeta" ]
              }, {
                "status" : "info",
                "place" : {
                  "filePath" : "mobileRezervacija.gspec",
                  "lineNumber" : 88
                },
                "name" : "css background-color is \"rgb(219, 20, 60)\"",
                "highlight" : [ "zauzeta" ]
              } ]
            }, {
              "name" : "pocetak",
              "specs" : [ {
                "status" : "info",
                "place" : {
                  "filePath" : "mobileRezervacija.gspec",
                  "lineNumber" : 90
                },
                "name" : "inside sadrzaj",
                "meta" : [ ],
                "highlight" : [ "pocetak", "sadrzaj" ]
              }, {
                "status" : "info",
                "place" : {
                  "filePath" : "mobileRezervacija.gspec",
                  "lineNumber" : 91
                },
                "name" : "aligned vertically centered pocetak",
                "highlight" : [ "pocetak", "pocetak" ]
              }, {
                "status" : "info",
                "place" : {
                  "filePath" : "mobileRezervacija.gspec",
                  "lineNumber" : 92
                },
                "name" : "css margin-top is \"11px\"",
                "highlight" : [ "pocetak" ]
              } ]
            }, {
              "name" : "kraj",
              "specs" : [ {
                "status" : "info",
                "place" : {
                  "filePath" : "mobileRezervacija.gspec",
                  "lineNumber" : 94
                },
                "name" : "inside sadrzaj",
                "meta" : [ ],
                "highlight" : [ "kraj", "sadrzaj" ]
              }, {
                "status" : "info",
                "place" : {
                  "filePath" : "mobileRezervacija.gspec",
                  "lineNumber" : 95
                },
                "name" : "aligned vertically centered kraj",
                "highlight" : [ "kraj", "kraj" ]
              }, {
                "status" : "info",
                "place" : {
                  "filePath" : "mobileRezervacija.gspec",
                  "lineNumber" : 96
                },
                "name" : "css margin-top is \"11px\"",
                "highlight" : [ "kraj" ]
              } ]
            }, {
              "name" : "periodicna",
              "specs" : [ {
                "status" : "info",
                "place" : {
                  "filePath" : "mobileRezervacija.gspec",
                  "lineNumber" : 98
                },
                "name" : "inside sadrzaj",
                "meta" : [ ],
                "highlight" : [ "periodicna", "sadrzaj" ]
              }, {
                "status" : "info",
                "place" : {
                  "filePath" : "mobileRezervacija.gspec",
                  "lineNumber" : 99
                },
                "name" : "aligned vertically centered periodicna",
                "highlight" : [ "periodicna", "periodicna" ]
              } ]
            }, {
              "name" : "poc",
              "specs" : [ {
                "status" : "info",
                "place" : {
                  "filePath" : "mobileRezervacija.gspec",
                  "lineNumber" : 101
                },
                "name" : "inside sadrzaj",
                "meta" : [ ],
                "highlight" : [ "poc", "sadrzaj" ]
              }, {
                "status" : "info",
                "place" : {
                  "filePath" : "mobileRezervacija.gspec",
                  "lineNumber" : 102
                },
                "name" : "aligned vertically centered poc",
                "highlight" : [ "poc", "poc" ]
              } ]
            }, {
              "name" : "kr",
              "specs" : [ {
                "status" : "info",
                "place" : {
                  "filePath" : "mobileRezervacija.gspec",
                  "lineNumber" : 104
                },
                "name" : "inside sadrzaj",
                "meta" : [ ],
                "highlight" : [ "kr", "sadrzaj" ]
              }, {
                "status" : "info",
                "place" : {
                  "filePath" : "mobileRezervacija.gspec",
                  "lineNumber" : 105
                },
                "name" : "aligned vertically centered kr",
                "highlight" : [ "kr", "kr" ]
              } ]
            }, {
              "name" : "lista",
              "specs" : [ {
                "status" : "info",
                "place" : {
                  "filePath" : "mobileRezervacija.gspec",
                  "lineNumber" : 107
                },
                "name" : "inside sadrzaj",
                "meta" : [ ],
                "highlight" : [ "lista", "sadrzaj" ]
              }, {
                "status" : "info",
                "place" : {
                  "filePath" : "mobileRezervacija.gspec",
                  "lineNumber" : 108
                },
                "name" : "aligned vertically centered lista",
                "highlight" : [ "lista", "lista" ]
              } ]
            }, {
              "name" : "zaManjiEkran",
              "specs" : [ {
                "status" : "info",
                "place" : {
                  "filePath" : "mobileRezervacija.gspec",
                  "lineNumber" : 110
                },
                "name" : "inside tabela1",
                "meta" : [ ],
                "highlight" : [ "zaManjiEkran", "tabela1" ]
              }, {
                "status" : "info",
                "place" : {
                  "filePath" : "mobileRezervacija.gspec",
                  "lineNumber" : 111
                },
                "name" : "inside sadrzaj",
                "meta" : [ ],
                "highlight" : [ "zaManjiEkran", "sadrzaj" ]
              }, {
                "status" : "info",
                "place" : {
                  "filePath" : "mobileRezervacija.gspec",
                  "lineNumber" : 112
                },
                "name" : "aligned vertically centered zaManjiEkran",
                "highlight" : [ "zaManjiEkran", "zaManjiEkran" ]
              } ]
            }, {
              "name" : "tabela1Td",
              "specs" : [ {
                "status" : "info",
                "place" : {
                  "filePath" : "mobileRezervacija.gspec",
                  "lineNumber" : 114
                },
                "name" : "css margin-right is \"0px\"",
                "highlight" : [ "tabela1Td" ]
              } ]
            }, {
              "name" : "tabela1",
              "specs" : [ {
                "status" : "info",
                "place" : {
                  "filePath" : "mobileRezervacija.gspec",
                  "lineNumber" : 116
                },
                "name" : "css background-color is \"rgb(106, 164, 240)\"",
                "highlight" : [ "tabela1" ]
              } ]
            } ]
          } ],
          "objects" : {
            "meni" : {
              "area" : [ 8, 41, 600, 100 ]
            },
            "dugmeS" : {
              "area" : [ 172, 583, 74, 20 ]
            },
            "lista" : {
              "area" : [ 62, 146, 546, 58 ]
            },
            "tabela1" : {
              "area" : [ 26, 292, 187, 285 ]
            },
            "kraj" : {
              "area" : [ 113, 266, 102, 20 ]
            },
            "meniLista" : {
              "area" : [ 48, 41, 84, 18 ]
            },
            "poc" : {
              "area" : [ 50, 233, 63, 17 ]
            },
            "dugmeP" : {
              "area" : [ 20, 583, 76, 20 ]
            },
            "kr" : {
              "area" : [ 50, 265, 36, 17 ]
            },
            "sadrzaj" : {
              "area" : [ 8, 146, 600, 500 ]
            },
            "zauzeta" : {
              "area" : [ 154, 355, 37, 12 ]
            },
            "zaManjiEkran" : {
              "area" : [ 105, 311, 90, 26 ]
            },
            "tabela1Td" : {
              "area" : [ 32, 433, 2, 2 ]
            },
            "dani" : {
              "area" : [ 38, 310, 52, 25 ]
            },
            "logo" : {
              "area" : [ 296, 16, 90, 50 ]
            },
            "prazan" : {
              "area" : [ 97, 427, 2, 2 ]
            },
            "pocetak" : {
              "area" : [ 119, 234, 102, 20 ]
            },
            "periodicna" : {
              "area" : [ 26, 207, 12, 12 ]
            }
          },
          "screenshot" : "layout-1-screenshot.png",
          "type" : "layout"
        }, {
          "name" : "Mutation testing: mobileRezervacija.gspec included tags: ",
          "status" : "info",
          "time" : 1573610059475,
          "mutationReport" : {
            "objectMutationStatistics" : {
              "meni" : {
                "passed" : 10,
                "failed" : 0,
                "failedMutations" : [ ]
              },
              "dugmeS" : {
                "passed" : 10,
                "failed" : 0,
                "failedMutations" : [ ]
              },
              "lista" : {
                "passed" : 10,
                "failed" : 0,
                "failedMutations" : [ ]
              },
              "tabela1" : {
                "passed" : 10,
                "failed" : 0,
                "failedMutations" : [ ]
              },
              "kraj" : {
                "passed" : 10,
                "failed" : 0,
                "failedMutations" : [ ]
              },
              "meniLista" : {
                "passed" : 10,
                "failed" : 0,
                "failedMutations" : [ ]
              },
              "poc" : {
                "passed" : 10,
                "failed" : 0,
                "failedMutations" : [ ]
              },
              "dugmeP" : {
                "passed" : 10,
                "failed" : 0,
                "failedMutations" : [ ]
              },
              "kr" : {
                "passed" : 10,
                "failed" : 0,
                "failedMutations" : [ ]
              },
              "sadrzaj" : {
                "passed" : 10,
                "failed" : 0,
                "failedMutations" : [ ]
              },
              "zauzeta" : {
                "passed" : 10,
                "failed" : 0,
                "failedMutations" : [ ]
              },
              "zaManjiEkran" : {
                "passed" : 10,
                "failed" : 0,
                "failedMutations" : [ ]
              },
              "tabela1Td" : {
                "passed" : 10,
                "failed" : 0,
                "failedMutations" : [ ]
              },
              "dani" : {
                "passed" : 10,
                "failed" : 0,
                "failedMutations" : [ ]
              },
              "logo" : {
                "passed" : 10,
                "failed" : 0,
                "failedMutations" : [ ]
              },
              "prazan" : {
                "passed" : 10,
                "failed" : 0,
                "failedMutations" : [ ]
              },
              "pocetak" : {
                "passed" : 10,
                "failed" : 0,
                "failedMutations" : [ ]
              },
              "periodicna" : {
                "passed" : 10,
                "failed" : 0,
                "failedMutations" : [ ]
              }
            },
            "totalPassed" : 180,
            "totalFailed" : 0,
            "totalMutations" : 180,
            "failedRatio" : 0.0
          },
          "type" : "mutation"
        } ],
        "time" : 1573610042704,
        "type" : "node"
      } ],
      "time" : 1573610036563,
      "type" : "node"
    } ]
  }
}